{"deviceType":"phone,tablet","checkEntry":"true","localPropertiesPath":"C:\\Users\\26387\\DevEcoStudioProjects\\AccountBook\\local.properties","Path":"C:\\Users\\26387\\nodejs\\","note":"false","aceProfilePath":"C:\\Users\\26387\\DevEcoStudioProjects\\AccountBook\\entry\\.preview\\default\\intermediates\\res\\default\\resources\\base\\profile","isPreview":"true","hapMode":"false","buildMode":"debug","img2bin":"true","projectProfilePath":"C:\\Users\\26387\\DevEcoStudioProjects\\AccountBook\\build-profile.json5","watchMode":"true","appResource":"C:\\Users\\26387\\DevEcoStudioProjects\\AccountBook\\entry\\.preview\\default\\intermediates\\res\\default\\ResourceTable.txt","logLevel":"3","stageRouterConfig":{"contents":["{\"module\":{\"pages\":\"$profile:main_pages\",\"name\":\"entry\"}}","{\"src\":[\"pages/Index\",\"pages/sumPage\",\"pages/toBuyPage\",\"pages/mePage\",\"pages/webPage\",\"pages/webPage_jing\"]}"],"paths":["C:\\Users\\26387\\DevEcoStudioProjects\\AccountBook\\entry\\.preview\\default\\intermediates\\res\\default\\module.json","C:\\Users\\26387\\DevEcoStudioProjects\\AccountBook\\entry\\.preview\\default\\intermediates\\res\\default\\resources\\base\\profile\\main_pages.json"]},"port":"29902","aceBuildJson":"C:\\Users\\26387\\DevEcoStudioProjects\\AccountBook\\entry\\.preview\\default\\intermediates\\loader\\default\\loader.json","aceModuleRoot":"C:\\Users\\26387\\DevEcoStudioProjects\\AccountBook\\entry\\src\\main\\ets","aceSoPath":"C:\\Users\\26387\\DevEcoStudioProjects\\AccountBook\\entry\\.preview\\cache\\nativeDependencies.txt","cachePath":"C:\\Users\\26387\\DevEcoStudioProjects\\AccountBook\\entry\\.preview\\cache","aceModuleBuild":"C:\\Users\\26387\\DevEcoStudioProjects\\AccountBook\\entry\\.preview\\default\\intermediates\\assets\\default\\ets","aceSuperVisualPath":"C:\\Users\\26387\\DevEcoStudioProjects\\AccountBook\\entry\\src\\main\\supervisual","aceModuleJsonPath":"C:\\Users\\26387\\DevEcoStudioProjects\\AccountBook\\entry\\.preview\\default\\intermediates\\res\\default\\module.json"}