{"C:\\Users\\26387\\DevEcoStudioProjects\\AccountBook\\AppScope\\app.json5":{"hashValue":"e1f598cdf65a6040afdbd5cd11c8c70a","name":"app.json5","path":"C:\\Users\\26387\\DevEcoStudioProjects\\AccountBook\\AppScope\\app.json5","type":"file","isSymbolicLink":false,"fileMetaData":{"size":218,"lastModifiedTime":1699275257162}},"C:\\Users\\26387\\DevEcoStudioProjects\\AccountBook\\entry\\src\\main\\module.json5":{"hashValue":"f7ace9297bd657a867ef8202d0f5a5a3","name":"module.json5","path":"C:\\Users\\26387\\DevEcoStudioProjects\\AccountBook\\entry\\src\\main\\module.json5","type":"file","isSymbolicLink":false,"fileMetaData":{"size":1196,"lastModifiedTime":1700465882627}},"C:\\Users\\26387\\DevEcoStudioProjects\\AccountBook\\entry\\build\\default\\intermediates\\hap_metadata\\default\\output_metadata.json":{"hashValue":"edf5925d0ed1ed7013784aabb81af84f","name":"output_metadata.json","path":"C:\\Users\\26387\\DevEcoStudioProjects\\AccountBook\\entry\\build\\default\\intermediates\\hap_metadata\\default\\output_metadata.json","type":"file","isSymbolicLink":false,"fileMetaData":{"size":90,"lastModifiedTime":1700466148244}},"C:\\Users\\26387\\DevEcoStudioProjects\\AccountBook\\entry\\build\\default\\intermediates\\merge_profile\\default\\module.json":{"hashValue":"de4caba3ee328af26bc99244565eece3","name":"module.json","path":"C:\\Users\\26387\\DevEcoStudioProjects\\AccountBook\\entry\\build\\default\\intermediates\\merge_profile\\default\\module.json","type":"file","isSymbolicLink":false,"fileMetaData":{"size":1237,"lastModifiedTime":1701607008402}},"C:\\Users\\26387\\DevEcoStudioProjects\\AccountBook\\entry\\build\\default\\intermediates\\loader\\default\\loader.json":{"hashValue":"3c5bbb695b6dd9869d74d5850bd2f448","name":"loader.json","path":"C:\\Users\\26387\\DevEcoStudioProjects\\AccountBook\\entry\\build\\default\\intermediates\\loader\\default\\loader.json","type":"file","isSymbolicLink":false,"fileMetaData":{"size":399,"lastModifiedTime":1701607008412}},"C:\\Users\\26387\\DevEcoStudioProjects\\AccountBook\\entry\\build\\default\\outputs\\default\\pack.info":{"hashValue":"3b961b29da73201b4bfd0198014658bf","name":"pack.info","path":"C:\\Users\\26387\\DevEcoStudioProjects\\AccountBook\\entry\\build\\default\\outputs\\default\\pack.info","type":"file","isSymbolicLink":false,"fileMetaData":{"size":541,"lastModifiedTime":1700466148254}},"C:\\Users\\26387\\DevEcoStudioProjects\\AccountBook\\entry\\build\\default\\intermediates\\process_profile\\default\\module.json":{"hashValue":"b80285343b3a84642b947f86a0f80e35","name":"module.json","path":"C:\\Users\\26387\\DevEcoStudioProjects\\AccountBook\\entry\\build\\default\\intermediates\\process_profile\\default\\module.json","type":"file","isSymbolicLink":false,"fileMetaData":{"size":1322,"lastModifiedTime":1701607008551}},"C:\\Users\\26387\\DevEcoStudioProjects\\AccountBook\\entry\\build\\default\\intermediates\\res\\default\\resConfig.json":{"hashValue":"557c859a571dbb30d7031a3463874290","name":"resConfig.json","path":"C:\\Users\\26387\\DevEcoStudioProjects\\AccountBook\\entry\\build\\default\\intermediates\\res\\default\\resConfig.json","type":"file","isSymbolicLink":false,"fileMetaData":{"size":676,"lastModifiedTime":1699275332296}},"C:\\Users\\26387\\DevEcoStudioProjects\\AccountBook\\entry\\build\\default\\intermediates\\libs\\default":{"hashValue":"","name":"default","path":"C:\\Users\\26387\\DevEcoStudioProjects\\AccountBook\\entry\\build\\default\\intermediates\\libs\\default","type":"directory","isSymbolicLink":false,"children":[]},"C:\\Users\\26387\\DevEcoStudioProjects\\AccountBook\\entry\\src\\main\\resources":{"hashValue":"3aff8e18e100989b62db0d42df15d15f","name":"resources","path":"C:\\Users\\26387\\DevEcoStudioProjects\\AccountBook\\entry\\src\\main\\resources","type":"directory","isSymbolicLink":false,"children":[{"hashValue":"a7d3aeca34f4d55c36c25ad03440d9b2","name":"base","path":"C:\\Users\\26387\\DevEcoStudioProjects\\AccountBook\\entry\\src\\main\\resources\\base","type":"directory","isSymbolicLink":false,"children":[{"hashValue":"552cca9eaca738c95b6102a985be9a72","name":"element","path":"C:\\Users\\26387\\DevEcoStudioProjects\\AccountBook\\entry\\src\\main\\resources\\base\\element","type":"directory","isSymbolicLink":false,"children":[{"hashValue":"f31deb449a09937580d8c7c622c5b760","name":"color.json","path":"C:\\Users\\26387\\DevEcoStudioProjects\\AccountBook\\entry\\src\\main\\resources\\base\\element\\color.json","type":"file","isSymbolicLink":false,"fileMetaData":{"size":612,"lastModifiedTime":1700469482709}},{"hashValue":"36f2e3fb8b0801db2917c7f49cb833ac","name":"pixel.json","path":"C:\\Users\\26387\\DevEcoStudioProjects\\AccountBook\\entry\\src\\main\\resources\\base\\element\\pixel.json","type":"file","isSymbolicLink":false,"fileMetaData":{"size":2061,"lastModifiedTime":1700193819951}},{"hashValue":"d3538558bebb20f22e58a6f1d60e5ba3","name":"string.json","path":"C:\\Users\\26387\\DevEcoStudioProjects\\AccountBook\\entry\\src\\main\\resources\\base\\element\\string.json","type":"file","isSymbolicLink":false,"fileMetaData":{"size":325,"lastModifiedTime":1700364659595}}]},{"hashValue":"f921d112abcdea2bd1b3eafaeff019cb","name":"media","path":"C:\\Users\\26387\\DevEcoStudioProjects\\AccountBook\\entry\\src\\main\\resources\\base\\media","type":"directory","isSymbolicLink":false,"children":[{"hashValue":"364b5d929cd2fb8e1deff857be3883ec","name":"icon.png","path":"C:\\Users\\26387\\DevEcoStudioProjects\\AccountBook\\entry\\src\\main\\resources\\base\\media\\icon.png","type":"file","isSymbolicLink":false,"fileMetaData":{"size":6790,"lastModifiedTime":1699275252585}}]},{"hashValue":"cc6f41e6c8dc816eeee4e11458d2c70a","name":"profile","path":"C:\\Users\\26387\\DevEcoStudioProjects\\AccountBook\\entry\\src\\main\\resources\\base\\profile","type":"directory","isSymbolicLink":false,"children":[{"hashValue":"a0890377f47d3ef29b55ba12884c5194","name":"main_pages.json","path":"C:\\Users\\26387\\DevEcoStudioProjects\\AccountBook\\entry\\src\\main\\resources\\base\\profile\\main_pages.json","type":"file","isSymbolicLink":false,"fileMetaData":{"size":147,"lastModifiedTime":1700468488057}}]}]},{"hashValue":"7c0602f4e55a4956c98150861b7f8d58","name":"en_US","path":"C:\\Users\\26387\\DevEcoStudioProjects\\AccountBook\\entry\\src\\main\\resources\\en_US","type":"directory","isSymbolicLink":false,"children":[{"hashValue":"366642ad34e293ff75d1b34149f45e98","name":"element","path":"C:\\Users\\26387\\DevEcoStudioProjects\\AccountBook\\entry\\src\\main\\resources\\en_US\\element","type":"directory","isSymbolicLink":false,"children":[{"hashValue":"171e2dbcfb59eab93b36b22e2ce7713d","name":"color.json","path":"C:\\Users\\26387\\DevEcoStudioProjects\\AccountBook\\entry\\src\\main\\resources\\en_US\\element\\color.json","type":"file","isSymbolicLink":false,"fileMetaData":{"size":89,"lastModifiedTime":1699949039195}},{"hashValue":"a145d2615f1d2bf8b417ee5e22e0fe8c","name":"string.json","path":"C:\\Users\\26387\\DevEcoStudioProjects\\AccountBook\\entry\\src\\main\\resources\\en_US\\element\\string.json","type":"file","isSymbolicLink":false,"fileMetaData":{"size":326,"lastModifiedTime":1699942013488}}]}]},{"hashValue":"b4a07d5c90f794ebccee71ebdb1d3754","name":"rawfile","path":"C:\\Users\\26387\\DevEcoStudioProjects\\AccountBook\\entry\\src\\main\\resources\\rawfile","type":"directory","isSymbolicLink":false,"children":[{"hashValue":"2c51578223b320ec97a5cded1c728f24","name":"awards.svg","path":"C:\\Users\\26387\\DevEcoStudioProjects\\AccountBook\\entry\\src\\main\\resources\\rawfile\\awards.svg","type":"file","isSymbolicLink":false,"fileMetaData":{"size":2261,"lastModifiedTime":1700370447336}},{"hashValue":"055121873652aa44f574a49a5a471c0c","name":"badminton.svg","path":"C:\\Users\\26387\\DevEcoStudioProjects\\AccountBook\\entry\\src\\main\\resources\\rawfile\\badminton.svg","type":"file","isSymbolicLink":false,"fileMetaData":{"size":2787,"lastModifiedTime":1700370972835}},{"hashValue":"2a6463c93e13eb2b2155017dd90b5f74","name":"competition.svg","path":"C:\\Users\\26387\\DevEcoStudioProjects\\AccountBook\\entry\\src\\main\\resources\\rawfile\\competition.svg","type":"file","isSymbolicLink":false,"fileMetaData":{"size":2078,"lastModifiedTime":1700370718068}},{"hashValue":"67d5dcc359cbb3ec3840fa2e66d2edec","name":"digit.svg","path":"C:\\Users\\26387\\DevEcoStudioProjects\\AccountBook\\entry\\src\\main\\resources\\rawfile\\digit.svg","type":"file","isSymbolicLink":false,"fileMetaData":{"size":882,"lastModifiedTime":1700370794879}},{"hashValue":"1b3cf7695b5db74c68e7640339ff1220","name":"extraIncome.svg","path":"C:\\Users\\26387\\DevEcoStudioProjects\\AccountBook\\entry\\src\\main\\resources\\rawfile\\extraIncome.svg","type":"file","isSymbolicLink":false,"fileMetaData":{"size":3042,"lastModifiedTime":1700370600029}},{"hashValue":"cb9d622c28e3b24409ef97268bb8a291","name":"festival.svg","path":"C:\\Users\\26387\\DevEcoStudioProjects\\AccountBook\\entry\\src\\main\\resources\\rawfile\\festival.svg","type":"file","isSymbolicLink":false,"fileMetaData":{"size":3517,"lastModifiedTime":1700371195032}},{"hashValue":"10c40073b98858a691800fd637d7b39f","name":"foods.svg","path":"C:\\Users\\26387\\DevEcoStudioProjects\\AccountBook\\entry\\src\\main\\resources\\rawfile\\foods.svg","type":"file","isSymbolicLink":false,"fileMetaData":{"size":2648,"lastModifiedTime":1700100229138}},{"hashValue":"6bf492921c0648763b9a8296dc057184","name":"fruit.svg","path":"C:\\Users\\26387\\DevEcoStudioProjects\\AccountBook\\entry\\src\\main\\resources\\rawfile\\fruit.svg","type":"file","isSymbolicLink":false,"fileMetaData":{"size":1250,"lastModifiedTime":1700371057792}},{"hashValue":"4ed09871a541f2ed5be0d6760572f9e1","name":"fuel.svg","path":"C:\\Users\\26387\\DevEcoStudioProjects\\AccountBook\\entry\\src\\main\\resources\\rawfile\\fuel.svg","type":"file","isSymbolicLink":false,"fileMetaData":{"size":1050,"lastModifiedTime":1700100381488}},{"hashValue":"188733122f19da07c734315a09b04455","name":"games.svg","path":"C:\\Users\\26387\\DevEcoStudioProjects\\AccountBook\\entry\\src\\main\\resources\\rawfile\\games.svg","type":"file","isSymbolicLink":false,"fileMetaData":{"size":2190,"lastModifiedTime":1700100474886}},{"hashValue":"3e6cd9fc18e15908892670a4b7d8157f","name":"gift.svg","path":"C:\\Users\\26387\\DevEcoStudioProjects\\AccountBook\\entry\\src\\main\\resources\\rawfile\\gift.svg","type":"file","isSymbolicLink":false,"fileMetaData":{"size":2714,"lastModifiedTime":1700371151633}},{"hashValue":"d0aa24499c14704a62355512ac4b158b","name":"graph.jpg","path":"C:\\Users\\26387\\DevEcoStudioProjects\\AccountBook\\entry\\src\\main\\resources\\rawfile\\graph.jpg","type":"file","isSymbolicLink":false,"fileMetaData":{"size":3304,"lastModifiedTime":1701605406777}},{"hashValue":"54a4497efb41c7b76f95d639b50ca455","name":"half.png","path":"C:\\Users\\26387\\DevEcoStudioProjects\\AccountBook\\entry\\src\\main\\resources\\rawfile\\half.png","type":"file","isSymbolicLink":false,"fileMetaData":{"size":2323,"lastModifiedTime":1697790998000}},{"hashValue":"1d4b72a7082e50000caf4136bd38c799","name":"income.svg","path":"C:\\Users\\26387\\DevEcoStudioProjects\\AccountBook\\entry\\src\\main\\resources\\rawfile\\income.svg","type":"file","isSymbolicLink":false,"fileMetaData":{"size":1518,"lastModifiedTime":1700100573156}},{"hashValue":"7a229dcda2f9eafb1c5794f020c5133b","name":"invest.svg","path":"C:\\Users\\26387\\DevEcoStudioProjects\\AccountBook\\entry\\src\\main\\resources\\rawfile\\invest.svg","type":"file","isSymbolicLink":false,"fileMetaData":{"size":1929,"lastModifiedTime":1700102806737}},{"hashValue":"abe72e656448e7c4944acc78aff5d5c4","name":"mainPage_addIcon.png","path":"C:\\Users\\26387\\DevEcoStudioProjects\\AccountBook\\entry\\src\\main\\resources\\rawfile\\mainPage_addIcon.png","type":"file","isSymbolicLink":false,"fileMetaData":{"size":4973,"lastModifiedTime":1699973427633}},{"hashValue":"e3ba99bd1073e02035b3d79355f182c3","name":"mainPage_addIcon.svg","path":"C:\\Users\\26387\\DevEcoStudioProjects\\AccountBook\\entry\\src\\main\\resources\\rawfile\\mainPage_addIcon.svg","type":"file","isSymbolicLink":false,"fileMetaData":{"size":646,"lastModifiedTime":1699972719157}},{"hashValue":"1abb2991c15c5fca05a32ce0df61254b","name":"mainPage_deleteIcon.svg","path":"C:\\Users\\26387\\DevEcoStudioProjects\\AccountBook\\entry\\src\\main\\resources\\rawfile\\mainPage_deleteIcon.svg","type":"file","isSymbolicLink":false,"fileMetaData":{"size":834,"lastModifiedTime":1700048411039}},{"hashValue":"4b74d4f985b02edcb8ee1c9fbc887527","name":"mainPage_editAll.png","path":"C:\\Users\\26387\\DevEcoStudioProjects\\AccountBook\\entry\\src\\main\\resources\\rawfile\\mainPage_editAll.png","type":"file","isSymbolicLink":false,"fileMetaData":{"size":5125,"lastModifiedTime":1699946265914}},{"hashValue":"921b65297f31eb399ec54cfeffed13d3","name":"mainPage_editAll.svg","path":"C:\\Users\\26387\\DevEcoStudioProjects\\AccountBook\\entry\\src\\main\\resources\\rawfile\\mainPage_editAll.svg","type":"file","isSymbolicLink":false,"fileMetaData":{"size":938,"lastModifiedTime":1699945187881}},{"hashValue":"8bff64066457692c5f0637d37a55f5fb","name":"myGraph.png","path":"C:\\Users\\26387\\DevEcoStudioProjects\\AccountBook\\entry\\src\\main\\resources\\rawfile\\myGraph.png","type":"file","isSymbolicLink":false,"fileMetaData":{"size":45141,"lastModifiedTime":1701606900122}},{"hashValue":"118869baea053660f91cb96d85be63a2","name":"page_detail.svg","path":"C:\\Users\\26387\\DevEcoStudioProjects\\AccountBook\\entry\\src\\main\\resources\\rawfile\\page_detail.svg","type":"file","isSymbolicLink":false,"fileMetaData":{"size":741,"lastModifiedTime":1700301049287}},{"hashValue":"4a35ba345aae5506de7fa928cc3f617d","name":"page_me.svg","path":"C:\\Users\\26387\\DevEcoStudioProjects\\AccountBook\\entry\\src\\main\\resources\\rawfile\\page_me.svg","type":"file","isSymbolicLink":false,"fileMetaData":{"size":3805,"lastModifiedTime":1700300996400}},{"hashValue":"ee0dc5bad2aaf9e221407ad0b95b6783","name":"page_sum.svg","path":"C:\\Users\\26387\\DevEcoStudioProjects\\AccountBook\\entry\\src\\main\\resources\\rawfile\\page_sum.svg","type":"file","isSymbolicLink":false,"fileMetaData":{"size":525,"lastModifiedTime":1700301086171}},{"hashValue":"3cb66f6dddd9ac452979e34fc5cee5c7","name":"page_tobuy.svg","path":"C:\\Users\\26387\\DevEcoStudioProjects\\AccountBook\\entry\\src\\main\\resources\\rawfile\\page_tobuy.svg","type":"file","isSymbolicLink":false,"fileMetaData":{"size":2851,"lastModifiedTime":1700301725085}},{"hashValue":"f7dc02393fb6ea1cafe647691566344d","name":"PE.svg","path":"C:\\Users\\26387\\DevEcoStudioProjects\\AccountBook\\entry\\src\\main\\resources\\rawfile\\PE.svg","type":"file","isSymbolicLink":false,"fileMetaData":{"size":2085,"lastModifiedTime":1700371006983}},{"hashValue":"816458fa442c8b139dae9455678ad272","name":"pets.svg","path":"C:\\Users\\26387\\DevEcoStudioProjects\\AccountBook\\entry\\src\\main\\resources\\rawfile\\pets.svg","type":"file","isSymbolicLink":false,"fileMetaData":{"size":2023,"lastModifiedTime":1700100495037}},{"hashValue":"976e41f1e396f6d3441bb85ecad3d51d","name":"snacks.svg","path":"C:\\Users\\26387\\DevEcoStudioProjects\\AccountBook\\entry\\src\\main\\resources\\rawfile\\snacks.svg","type":"file","isSymbolicLink":false,"fileMetaData":{"size":6539,"lastModifiedTime":1700100349739}},{"hashValue":"35a14bebd16554102378b07bb1b74b47","name":"sneaker.svg","path":"C:\\Users\\26387\\DevEcoStudioProjects\\AccountBook\\entry\\src\\main\\resources\\rawfile\\sneaker.svg","type":"file","isSymbolicLink":false,"fileMetaData":{"size":1645,"lastModifiedTime":1700371130368}},{"hashValue":"63c6bff40a65f933a4ad8e782f0708cf","name":"social.svg","path":"C:\\Users\\26387\\DevEcoStudioProjects\\AccountBook\\entry\\src\\main\\resources\\rawfile\\social.svg","type":"file","isSymbolicLink":false,"fileMetaData":{"size":2422,"lastModifiedTime":1700370910750}},{"hashValue":"47e3d1b7feb58efe802672796379a5d2","name":"toBuyPage_jingdong.svg","path":"C:\\Users\\26387\\DevEcoStudioProjects\\AccountBook\\entry\\src\\main\\resources\\rawfile\\toBuyPage_jingdong.svg","type":"file","isSymbolicLink":false,"fileMetaData":{"size":1071,"lastModifiedTime":1700468334303}},{"hashValue":"85a5ea2f44ac898f782efd06eaed11d9","name":"toBuyPage_taoBao.svg","path":"C:\\Users\\26387\\DevEcoStudioProjects\\AccountBook\\entry\\src\\main\\resources\\rawfile\\toBuyPage_taoBao.svg","type":"file","isSymbolicLink":false,"fileMetaData":{"size":4958,"lastModifiedTime":1700448836723}},{"hashValue":"7fba253eb3cd49cbf8ec3ce80fc5433d","name":"travel.svg","path":"C:\\Users\\26387\\DevEcoStudioProjects\\AccountBook\\entry\\src\\main\\resources\\rawfile\\travel.svg","type":"file","isSymbolicLink":false,"fileMetaData":{"size":1520,"lastModifiedTime":1700100460204}},{"hashValue":"f4d86fd104fd153161f7fc40e92b593c","name":"workout.svg","path":"C:\\Users\\26387\\DevEcoStudioProjects\\AccountBook\\entry\\src\\main\\resources\\rawfile\\workout.svg","type":"file","isSymbolicLink":false,"fileMetaData":{"size":3629,"lastModifiedTime":1700371017381}}]},{"hashValue":"8c1120817a67d47fe391d4a2157b5113","name":"zh_CN","path":"C:\\Users\\26387\\DevEcoStudioProjects\\AccountBook\\entry\\src\\main\\resources\\zh_CN","type":"directory","isSymbolicLink":false,"children":[{"hashValue":"63d496977400fa5465e8a9f785a21006","name":"element","path":"C:\\Users\\26387\\DevEcoStudioProjects\\AccountBook\\entry\\src\\main\\resources\\zh_CN\\element","type":"directory","isSymbolicLink":false,"children":[{"hashValue":"f8ab3516e45ead5aa666618f20ba0896","name":"color.json","path":"C:\\Users\\26387\\DevEcoStudioProjects\\AccountBook\\entry\\src\\main\\resources\\zh_CN\\element\\color.json","type":"file","isSymbolicLink":false,"fileMetaData":{"size":178,"lastModifiedTime":1699949047859}},{"hashValue":"ffe24cd6eb6c23694c6296066bdede8c","name":"string.json","path":"C:\\Users\\26387\\DevEcoStudioProjects\\AccountBook\\entry\\src\\main\\resources\\zh_CN\\element\\string.json","type":"file","isSymbolicLink":false,"fileMetaData":{"size":718,"lastModifiedTime":1700103439305}}]}]}]},"C:\\Users\\26387\\DevEcoStudioProjects\\AccountBook\\AppScope\\resources":{"hashValue":"40f71f2ba1eae8c10b4ceab57fbe0ab0","name":"resources","path":"C:\\Users\\26387\\DevEcoStudioProjects\\AccountBook\\AppScope\\resources","type":"directory","isSymbolicLink":false,"children":[{"hashValue":"dacc5ce4043f63e69ab7b34cc7002817","name":"base","path":"C:\\Users\\26387\\DevEcoStudioProjects\\AccountBook\\AppScope\\resources\\base","type":"directory","isSymbolicLink":false,"children":[{"hashValue":"6651ca00c46a54237d5979ec3f25c19c","name":"element","path":"C:\\Users\\26387\\DevEcoStudioProjects\\AccountBook\\AppScope\\resources\\base\\element","type":"directory","isSymbolicLink":false,"children":[{"hashValue":"f888874aaf8fc452feff9bd2fbe5f87a","name":"string.json","path":"C:\\Users\\26387\\DevEcoStudioProjects\\AccountBook\\AppScope\\resources\\base\\element\\string.json","type":"file","isSymbolicLink":false,"fileMetaData":{"size":97,"lastModifiedTime":1699275252307}}]},{"hashValue":"8f16542ac6a4326b7888981a3f4f69de","name":"media","path":"C:\\Users\\26387\\DevEcoStudioProjects\\AccountBook\\AppScope\\resources\\base\\media","type":"directory","isSymbolicLink":false,"children":[{"hashValue":"b681bf8750755498f31f343dba5a0691","name":"app_icon.png","path":"C:\\Users\\26387\\DevEcoStudioProjects\\AccountBook\\AppScope\\resources\\base\\media\\app_icon.png","type":"file","isSymbolicLink":false,"fileMetaData":{"size":6790,"lastModifiedTime":1699275252294}}]}]}]},"C:\\Users\\26387\\DevEcoStudioProjects\\AccountBook\\entry\\build\\default\\intermediates\\res\\default":{"hashValue":"9e624f1f0f52275916bc7ee318f78696","name":"default","path":"C:\\Users\\26387\\DevEcoStudioProjects\\AccountBook\\entry\\build\\default\\intermediates\\res\\default","type":"directory","isSymbolicLink":false,"children":[{"hashValue":"8794c96a1f6f2dd377704581737f34fe","name":"module.json","path":"C:\\Users\\26387\\DevEcoStudioProjects\\AccountBook\\entry\\build\\default\\intermediates\\res\\default\\module.json","type":"file","isSymbolicLink":false,"fileMetaData":{"size":2404,"lastModifiedTime":1701607008684}},{"hashValue":"557c859a571dbb30d7031a3463874290","name":"resConfig.json","path":"C:\\Users\\26387\\DevEcoStudioProjects\\AccountBook\\entry\\build\\default\\intermediates\\res\\default\\resConfig.json","type":"file","isSymbolicLink":false,"fileMetaData":{"size":676,"lastModifiedTime":1699275332296}},{"hashValue":"4ddc520264011bb0bd03fd8eac7dc575","name":"resources","path":"C:\\Users\\26387\\DevEcoStudioProjects\\AccountBook\\entry\\build\\default\\intermediates\\res\\default\\resources","type":"directory","isSymbolicLink":false,"children":[{"hashValue":"c6e83dd4ce88ac34938fe24405d8299b","name":"base","path":"C:\\Users\\26387\\DevEcoStudioProjects\\AccountBook\\entry\\build\\default\\intermediates\\res\\default\\resources\\base","type":"directory","isSymbolicLink":false,"children":[{"hashValue":"50f0acebe041fae4e24ec2b62609db88","name":"media","path":"C:\\Users\\26387\\DevEcoStudioProjects\\AccountBook\\entry\\build\\default\\intermediates\\res\\default\\resources\\base\\media","type":"directory","isSymbolicLink":false,"children":[{"hashValue":"b681bf8750755498f31f343dba5a0691","name":"app_icon.png","path":"C:\\Users\\26387\\DevEcoStudioProjects\\AccountBook\\entry\\build\\default\\intermediates\\res\\default\\resources\\base\\media\\app_icon.png","type":"file","isSymbolicLink":false,"fileMetaData":{"size":6790,"lastModifiedTime":1699275252294}},{"hashValue":"364b5d929cd2fb8e1deff857be3883ec","name":"icon.png","path":"C:\\Users\\26387\\DevEcoStudioProjects\\AccountBook\\entry\\build\\default\\intermediates\\res\\default\\resources\\base\\media\\icon.png","type":"file","isSymbolicLink":false,"fileMetaData":{"size":6790,"lastModifiedTime":1699275252585}}]},{"hashValue":"cc6f41e6c8dc816eeee4e11458d2c70a","name":"profile","path":"C:\\Users\\26387\\DevEcoStudioProjects\\AccountBook\\entry\\build\\default\\intermediates\\res\\default\\resources\\base\\profile","type":"directory","isSymbolicLink":false,"children":[{"hashValue":"a0890377f47d3ef29b55ba12884c5194","name":"main_pages.json","path":"C:\\Users\\26387\\DevEcoStudioProjects\\AccountBook\\entry\\build\\default\\intermediates\\res\\default\\resources\\base\\profile\\main_pages.json","type":"file","isSymbolicLink":false,"fileMetaData":{"size":147,"lastModifiedTime":1700468488057}}]}]},{"hashValue":"b4a07d5c90f794ebccee71ebdb1d3754","name":"rawfile","path":"C:\\Users\\26387\\DevEcoStudioProjects\\AccountBook\\entry\\build\\default\\intermediates\\res\\default\\resources\\rawfile","type":"directory","isSymbolicLink":false,"children":[{"hashValue":"2c51578223b320ec97a5cded1c728f24","name":"awards.svg","path":"C:\\Users\\26387\\DevEcoStudioProjects\\AccountBook\\entry\\build\\default\\intermediates\\res\\default\\resources\\rawfile\\awards.svg","type":"file","isSymbolicLink":false,"fileMetaData":{"size":2261,"lastModifiedTime":1700370447336}},{"hashValue":"055121873652aa44f574a49a5a471c0c","name":"badminton.svg","path":"C:\\Users\\26387\\DevEcoStudioProjects\\AccountBook\\entry\\build\\default\\intermediates\\res\\default\\resources\\rawfile\\badminton.svg","type":"file","isSymbolicLink":false,"fileMetaData":{"size":2787,"lastModifiedTime":1700370972835}},{"hashValue":"2a6463c93e13eb2b2155017dd90b5f74","name":"competition.svg","path":"C:\\Users\\26387\\DevEcoStudioProjects\\AccountBook\\entry\\build\\default\\intermediates\\res\\default\\resources\\rawfile\\competition.svg","type":"file","isSymbolicLink":false,"fileMetaData":{"size":2078,"lastModifiedTime":1700370718068}},{"hashValue":"67d5dcc359cbb3ec3840fa2e66d2edec","name":"digit.svg","path":"C:\\Users\\26387\\DevEcoStudioProjects\\AccountBook\\entry\\build\\default\\intermediates\\res\\default\\resources\\rawfile\\digit.svg","type":"file","isSymbolicLink":false,"fileMetaData":{"size":882,"lastModifiedTime":1700370794879}},{"hashValue":"1b3cf7695b5db74c68e7640339ff1220","name":"extraIncome.svg","path":"C:\\Users\\26387\\DevEcoStudioProjects\\AccountBook\\entry\\build\\default\\intermediates\\res\\default\\resources\\rawfile\\extraIncome.svg","type":"file","isSymbolicLink":false,"fileMetaData":{"size":3042,"lastModifiedTime":1700370600029}},{"hashValue":"cb9d622c28e3b24409ef97268bb8a291","name":"festival.svg","path":"C:\\Users\\26387\\DevEcoStudioProjects\\AccountBook\\entry\\build\\default\\intermediates\\res\\default\\resources\\rawfile\\festival.svg","type":"file","isSymbolicLink":false,"fileMetaData":{"size":3517,"lastModifiedTime":1700371195032}},{"hashValue":"10c40073b98858a691800fd637d7b39f","name":"foods.svg","path":"C:\\Users\\26387\\DevEcoStudioProjects\\AccountBook\\entry\\build\\default\\intermediates\\res\\default\\resources\\rawfile\\foods.svg","type":"file","isSymbolicLink":false,"fileMetaData":{"size":2648,"lastModifiedTime":1700100229138}},{"hashValue":"6bf492921c0648763b9a8296dc057184","name":"fruit.svg","path":"C:\\Users\\26387\\DevEcoStudioProjects\\AccountBook\\entry\\build\\default\\intermediates\\res\\default\\resources\\rawfile\\fruit.svg","type":"file","isSymbolicLink":false,"fileMetaData":{"size":1250,"lastModifiedTime":1700371057792}},{"hashValue":"4ed09871a541f2ed5be0d6760572f9e1","name":"fuel.svg","path":"C:\\Users\\26387\\DevEcoStudioProjects\\AccountBook\\entry\\build\\default\\intermediates\\res\\default\\resources\\rawfile\\fuel.svg","type":"file","isSymbolicLink":false,"fileMetaData":{"size":1050,"lastModifiedTime":1700100381488}},{"hashValue":"188733122f19da07c734315a09b04455","name":"games.svg","path":"C:\\Users\\26387\\DevEcoStudioProjects\\AccountBook\\entry\\build\\default\\intermediates\\res\\default\\resources\\rawfile\\games.svg","type":"file","isSymbolicLink":false,"fileMetaData":{"size":2190,"lastModifiedTime":1700100474886}},{"hashValue":"3e6cd9fc18e15908892670a4b7d8157f","name":"gift.svg","path":"C:\\Users\\26387\\DevEcoStudioProjects\\AccountBook\\entry\\build\\default\\intermediates\\res\\default\\resources\\rawfile\\gift.svg","type":"file","isSymbolicLink":false,"fileMetaData":{"size":2714,"lastModifiedTime":1700371151633}},{"hashValue":"d0aa24499c14704a62355512ac4b158b","name":"graph.jpg","path":"C:\\Users\\26387\\DevEcoStudioProjects\\AccountBook\\entry\\build\\default\\intermediates\\res\\default\\resources\\rawfile\\graph.jpg","type":"file","isSymbolicLink":false,"fileMetaData":{"size":3304,"lastModifiedTime":1701605406777}},{"hashValue":"54a4497efb41c7b76f95d639b50ca455","name":"half.png","path":"C:\\Users\\26387\\DevEcoStudioProjects\\AccountBook\\entry\\build\\default\\intermediates\\res\\default\\resources\\rawfile\\half.png","type":"file","isSymbolicLink":false,"fileMetaData":{"size":2323,"lastModifiedTime":1697790998000}},{"hashValue":"1d4b72a7082e50000caf4136bd38c799","name":"income.svg","path":"C:\\Users\\26387\\DevEcoStudioProjects\\AccountBook\\entry\\build\\default\\intermediates\\res\\default\\resources\\rawfile\\income.svg","type":"file","isSymbolicLink":false,"fileMetaData":{"size":1518,"lastModifiedTime":1700100573156}},{"hashValue":"7a229dcda2f9eafb1c5794f020c5133b","name":"invest.svg","path":"C:\\Users\\26387\\DevEcoStudioProjects\\AccountBook\\entry\\build\\default\\intermediates\\res\\default\\resources\\rawfile\\invest.svg","type":"file","isSymbolicLink":false,"fileMetaData":{"size":1929,"lastModifiedTime":1700102806737}},{"hashValue":"abe72e656448e7c4944acc78aff5d5c4","name":"mainPage_addIcon.png","path":"C:\\Users\\26387\\DevEcoStudioProjects\\AccountBook\\entry\\build\\default\\intermediates\\res\\default\\resources\\rawfile\\mainPage_addIcon.png","type":"file","isSymbolicLink":false,"fileMetaData":{"size":4973,"lastModifiedTime":1699973427633}},{"hashValue":"e3ba99bd1073e02035b3d79355f182c3","name":"mainPage_addIcon.svg","path":"C:\\Users\\26387\\DevEcoStudioProjects\\AccountBook\\entry\\build\\default\\intermediates\\res\\default\\resources\\rawfile\\mainPage_addIcon.svg","type":"file","isSymbolicLink":false,"fileMetaData":{"size":646,"lastModifiedTime":1699972719157}},{"hashValue":"1abb2991c15c5fca05a32ce0df61254b","name":"mainPage_deleteIcon.svg","path":"C:\\Users\\26387\\DevEcoStudioProjects\\AccountBook\\entry\\build\\default\\intermediates\\res\\default\\resources\\rawfile\\mainPage_deleteIcon.svg","type":"file","isSymbolicLink":false,"fileMetaData":{"size":834,"lastModifiedTime":1700048411039}},{"hashValue":"4b74d4f985b02edcb8ee1c9fbc887527","name":"mainPage_editAll.png","path":"C:\\Users\\26387\\DevEcoStudioProjects\\AccountBook\\entry\\build\\default\\intermediates\\res\\default\\resources\\rawfile\\mainPage_editAll.png","type":"file","isSymbolicLink":false,"fileMetaData":{"size":5125,"lastModifiedTime":1699946265914}},{"hashValue":"921b65297f31eb399ec54cfeffed13d3","name":"mainPage_editAll.svg","path":"C:\\Users\\26387\\DevEcoStudioProjects\\AccountBook\\entry\\build\\default\\intermediates\\res\\default\\resources\\rawfile\\mainPage_editAll.svg","type":"file","isSymbolicLink":false,"fileMetaData":{"size":938,"lastModifiedTime":1699945187881}},{"hashValue":"8bff64066457692c5f0637d37a55f5fb","name":"myGraph.png","path":"C:\\Users\\26387\\DevEcoStudioProjects\\AccountBook\\entry\\build\\default\\intermediates\\res\\default\\resources\\rawfile\\myGraph.png","type":"file","isSymbolicLink":false,"fileMetaData":{"size":45141,"lastModifiedTime":1701606900122}},{"hashValue":"118869baea053660f91cb96d85be63a2","name":"page_detail.svg","path":"C:\\Users\\26387\\DevEcoStudioProjects\\AccountBook\\entry\\build\\default\\intermediates\\res\\default\\resources\\rawfile\\page_detail.svg","type":"file","isSymbolicLink":false,"fileMetaData":{"size":741,"lastModifiedTime":1700301049287}},{"hashValue":"4a35ba345aae5506de7fa928cc3f617d","name":"page_me.svg","path":"C:\\Users\\26387\\DevEcoStudioProjects\\AccountBook\\entry\\build\\default\\intermediates\\res\\default\\resources\\rawfile\\page_me.svg","type":"file","isSymbolicLink":false,"fileMetaData":{"size":3805,"lastModifiedTime":1700300996400}},{"hashValue":"ee0dc5bad2aaf9e221407ad0b95b6783","name":"page_sum.svg","path":"C:\\Users\\26387\\DevEcoStudioProjects\\AccountBook\\entry\\build\\default\\intermediates\\res\\default\\resources\\rawfile\\page_sum.svg","type":"file","isSymbolicLink":false,"fileMetaData":{"size":525,"lastModifiedTime":1700301086171}},{"hashValue":"3cb66f6dddd9ac452979e34fc5cee5c7","name":"page_tobuy.svg","path":"C:\\Users\\26387\\DevEcoStudioProjects\\AccountBook\\entry\\build\\default\\intermediates\\res\\default\\resources\\rawfile\\page_tobuy.svg","type":"file","isSymbolicLink":false,"fileMetaData":{"size":2851,"lastModifiedTime":1700301725085}},{"hashValue":"f7dc02393fb6ea1cafe647691566344d","name":"PE.svg","path":"C:\\Users\\26387\\DevEcoStudioProjects\\AccountBook\\entry\\build\\default\\intermediates\\res\\default\\resources\\rawfile\\PE.svg","type":"file","isSymbolicLink":false,"fileMetaData":{"size":2085,"lastModifiedTime":1700371006983}},{"hashValue":"816458fa442c8b139dae9455678ad272","name":"pets.svg","path":"C:\\Users\\26387\\DevEcoStudioProjects\\AccountBook\\entry\\build\\default\\intermediates\\res\\default\\resources\\rawfile\\pets.svg","type":"file","isSymbolicLink":false,"fileMetaData":{"size":2023,"lastModifiedTime":1700100495037}},{"hashValue":"976e41f1e396f6d3441bb85ecad3d51d","name":"snacks.svg","path":"C:\\Users\\26387\\DevEcoStudioProjects\\AccountBook\\entry\\build\\default\\intermediates\\res\\default\\resources\\rawfile\\snacks.svg","type":"file","isSymbolicLink":false,"fileMetaData":{"size":6539,"lastModifiedTime":1700100349739}},{"hashValue":"35a14bebd16554102378b07bb1b74b47","name":"sneaker.svg","path":"C:\\Users\\26387\\DevEcoStudioProjects\\AccountBook\\entry\\build\\default\\intermediates\\res\\default\\resources\\rawfile\\sneaker.svg","type":"file","isSymbolicLink":false,"fileMetaData":{"size":1645,"lastModifiedTime":1700371130368}},{"hashValue":"63c6bff40a65f933a4ad8e782f0708cf","name":"social.svg","path":"C:\\Users\\26387\\DevEcoStudioProjects\\AccountBook\\entry\\build\\default\\intermediates\\res\\default\\resources\\rawfile\\social.svg","type":"file","isSymbolicLink":false,"fileMetaData":{"size":2422,"lastModifiedTime":1700370910750}},{"hashValue":"47e3d1b7feb58efe802672796379a5d2","name":"toBuyPage_jingdong.svg","path":"C:\\Users\\26387\\DevEcoStudioProjects\\AccountBook\\entry\\build\\default\\intermediates\\res\\default\\resources\\rawfile\\toBuyPage_jingdong.svg","type":"file","isSymbolicLink":false,"fileMetaData":{"size":1071,"lastModifiedTime":1700468334303}},{"hashValue":"85a5ea2f44ac898f782efd06eaed11d9","name":"toBuyPage_taoBao.svg","path":"C:\\Users\\26387\\DevEcoStudioProjects\\AccountBook\\entry\\build\\default\\intermediates\\res\\default\\resources\\rawfile\\toBuyPage_taoBao.svg","type":"file","isSymbolicLink":false,"fileMetaData":{"size":4958,"lastModifiedTime":1700448836723}},{"hashValue":"7fba253eb3cd49cbf8ec3ce80fc5433d","name":"travel.svg","path":"C:\\Users\\26387\\DevEcoStudioProjects\\AccountBook\\entry\\build\\default\\intermediates\\res\\default\\resources\\rawfile\\travel.svg","type":"file","isSymbolicLink":false,"fileMetaData":{"size":1520,"lastModifiedTime":1700100460204}},{"hashValue":"f4d86fd104fd153161f7fc40e92b593c","name":"workout.svg","path":"C:\\Users\\26387\\DevEcoStudioProjects\\AccountBook\\entry\\build\\default\\intermediates\\res\\default\\resources\\rawfile\\workout.svg","type":"file","isSymbolicLink":false,"fileMetaData":{"size":3629,"lastModifiedTime":1700371017381}}]}]},{"hashValue":"740d5b684e7079c40b74b25f10e89450","name":"resources.index","path":"C:\\Users\\26387\\DevEcoStudioProjects\\AccountBook\\entry\\build\\default\\intermediates\\res\\default\\resources.index","type":"file","isSymbolicLink":false,"fileMetaData":{"size":3158,"lastModifiedTime":1701607008685}},{"hashValue":"5984c7c7e0b2a2bddb673435d9be0c36","name":"ResourceTable.txt","path":"C:\\Users\\26387\\DevEcoStudioProjects\\AccountBook\\entry\\build\\default\\intermediates\\res\\default\\ResourceTable.txt","type":"file","isSymbolicLink":false,"fileMetaData":{"size":1603,"lastModifiedTime":1701607008662}}]},"C:\\Users\\26387\\DevEcoStudioProjects\\AccountBook\\entry\\build\\default\\generated\\r\\default\\ResourceTable.h":{"hashValue":"e0b071af4dc0e61cdb5da0f4dc704d54","name":"ResourceTable.h","path":"C:\\Users\\26387\\DevEcoStudioProjects\\AccountBook\\entry\\build\\default\\generated\\r\\default\\ResourceTable.h","type":"file","isSymbolicLink":false,"fileMetaData":{"size":3193,"lastModifiedTime":1701607008662}},"C:\\Users\\26387\\DevEcoStudioProjects\\AccountBook\\entry\\build\\default\\generated\\r\\default":{"hashValue":"b08b08c26d4dd4df7319c11f7ca33954","name":"default","path":"C:\\Users\\26387\\DevEcoStudioProjects\\AccountBook\\entry\\build\\default\\generated\\r\\default","type":"directory","isSymbolicLink":false,"children":[{"hashValue":"e0b071af4dc0e61cdb5da0f4dc704d54","name":"ResourceTable.h","path":"C:\\Users\\26387\\DevEcoStudioProjects\\AccountBook\\entry\\build\\default\\generated\\r\\default\\ResourceTable.h","type":"file","isSymbolicLink":false,"fileMetaData":{"size":3193,"lastModifiedTime":1701607008662}}]},"C:\\Users\\26387\\DevEcoStudioProjects\\AccountBook\\entry\\build\\default\\intermediates\\loader\\default":{"hashValue":"df12eb923d95428a44ec6c185ff6f212","name":"default","path":"C:\\Users\\26387\\DevEcoStudioProjects\\AccountBook\\entry\\build\\default\\intermediates\\loader\\default","type":"directory","isSymbolicLink":false,"children":[{"hashValue":"3c5bbb695b6dd9869d74d5850bd2f448","name":"loader.json","path":"C:\\Users\\26387\\DevEcoStudioProjects\\AccountBook\\entry\\build\\default\\intermediates\\loader\\default\\loader.json","type":"file","isSymbolicLink":false,"fileMetaData":{"size":399,"lastModifiedTime":1701607008412}}]},"C:\\Users\\26387\\DevEcoStudioProjects\\AccountBook\\entry\\build\\default\\intermediates\\res\\default\\ResourceTable.txt":{"hashValue":"5984c7c7e0b2a2bddb673435d9be0c36","name":"ResourceTable.txt","path":"C:\\Users\\26387\\DevEcoStudioProjects\\AccountBook\\entry\\build\\default\\intermediates\\res\\default\\ResourceTable.txt","type":"file","isSymbolicLink":false,"fileMetaData":{"size":1603,"lastModifiedTime":1701607008662}},"C:\\Users\\26387\\DevEcoStudioProjects\\AccountBook\\entry\\build\\default\\intermediates\\res\\default\\module.json":{"hashValue":"8794c96a1f6f2dd377704581737f34fe","name":"module.json","path":"C:\\Users\\26387\\DevEcoStudioProjects\\AccountBook\\entry\\build\\default\\intermediates\\res\\default\\module.json","type":"file","isSymbolicLink":false,"fileMetaData":{"size":2404,"lastModifiedTime":1701607008684}},"C:\\Users\\26387\\DevEcoStudioProjects\\AccountBook\\entry\\build\\default\\intermediates\\res\\default\\resources\\base\\profile":{"hashValue":"cc6f41e6c8dc816eeee4e11458d2c70a","name":"profile","path":"C:\\Users\\26387\\DevEcoStudioProjects\\AccountBook\\entry\\build\\default\\intermediates\\res\\default\\resources\\base\\profile","type":"directory","isSymbolicLink":false,"children":[{"hashValue":"a0890377f47d3ef29b55ba12884c5194","name":"main_pages.json","path":"C:\\Users\\26387\\DevEcoStudioProjects\\AccountBook\\entry\\build\\default\\intermediates\\res\\default\\resources\\base\\profile\\main_pages.json","type":"file","isSymbolicLink":false,"fileMetaData":{"size":147,"lastModifiedTime":1700468488057}}]},"C:\\Users\\26387\\DevEcoStudioProjects\\AccountBook\\entry\\src\\main\\ets":{"hashValue":"1254f4709e85a52178831524bd5ea6c4","name":"ets","path":"C:\\Users\\26387\\DevEcoStudioProjects\\AccountBook\\entry\\src\\main\\ets","type":"directory","isSymbolicLink":false,"children":[{"hashValue":"ca2a6ff1f80699d745d45aa5eb94ba89","name":"bean","path":"C:\\Users\\26387\\DevEcoStudioProjects\\AccountBook\\entry\\src\\main\\ets\\bean","type":"directory","isSymbolicLink":false,"children":[{"hashValue":"5f2bff313e2fd3d2827128952d9075df","name":"AccountData.ets","path":"C:\\Users\\26387\\DevEcoStudioProjects\\AccountBook\\entry\\src\\main\\ets\\bean\\AccountData.ets","type":"file","isSymbolicLink":false,"fileMetaData":{"size":271,"lastModifiedTime":1700723413384}},{"hashValue":"e742e937ef448012ee0774f933618479","name":"AccountItem.ets","path":"C:\\Users\\26387\\DevEcoStudioProjects\\AccountBook\\entry\\src\\main\\ets\\bean\\AccountItem.ets","type":"file","isSymbolicLink":false,"fileMetaData":{"size":190,"lastModifiedTime":1700053060317}},{"hashValue":"7cb47f927ebf9a7d6ab698d71644a275","name":"AccountList.ets","path":"C:\\Users\\26387\\DevEcoStudioProjects\\AccountBook\\entry\\src\\main\\ets\\bean\\AccountList.ets","type":"file","isSymbolicLink":false,"fileMetaData":{"size":4276,"lastModifiedTime":1700393858559}},{"hashValue":"fd2ba0a93ac12e255437987867dc48b4","name":"ConstrantsInterface.ets","path":"C:\\Users\\26387\\DevEcoStudioProjects\\AccountBook\\entry\\src\\main\\ets\\bean\\ConstrantsInterface.ets","type":"file","isSymbolicLink":false,"fileMetaData":{"size":159,"lastModifiedTime":1700057134554}},{"hashValue":"5d9b702b263f6f3eea9ae9d619e4fe47","name":"ToBuyData.ets","path":"C:\\Users\\26387\\DevEcoStudioProjects\\AccountBook\\entry\\src\\main\\ets\\bean\\ToBuyData.ets","type":"file","isSymbolicLink":false,"fileMetaData":{"size":245,"lastModifiedTime":1701429900016}}]},{"hashValue":"3cc99fe42651c599e85cf820512fa84b","name":"database","path":"C:\\Users\\26387\\DevEcoStudioProjects\\AccountBook\\entry\\src\\main\\ets\\database","type":"directory","isSymbolicLink":false,"children":[{"hashValue":"41f12b1165a755c92d1f77269ea12433","name":"AccountTable.ets","path":"C:\\Users\\26387\\DevEcoStudioProjects\\AccountBook\\entry\\src\\main\\ets\\database\\AccountTable.ets","type":"file","isSymbolicLink":false,"fileMetaData":{"size":8977,"lastModifiedTime":1700118526642}},{"hashValue":"73bdc19f71ad020de62edbaf797e683c","name":"CommonConstants.ets","path":"C:\\Users\\26387\\DevEcoStudioProjects\\AccountBook\\entry\\src\\main\\ets\\database\\CommonConstants.ets","type":"file","isSymbolicLink":false,"fileMetaData":{"size":2371,"lastModifiedTime":1700547100964}},{"hashValue":"749d62119cf06d908097c8c065a4ba62","name":"Rdb.ets","path":"C:\\Users\\26387\\DevEcoStudioProjects\\AccountBook\\entry\\src\\main\\ets\\database\\Rdb.ets","type":"file","isSymbolicLink":false,"fileMetaData":{"size":4917,"lastModifiedTime":1700057491026}}]},{"hashValue":"c2c2275cf505419bf6e3ec7981be7ee4","name":"entryability","path":"C:\\Users\\26387\\DevEcoStudioProjects\\AccountBook\\entry\\src\\main\\ets\\entryability","type":"directory","isSymbolicLink":false,"children":[{"hashValue":"aaa3ff88d6cc7c67879d81c6b4971c2e","name":"EntryAbility.ts","path":"C:\\Users\\26387\\DevEcoStudioProjects\\AccountBook\\entry\\src\\main\\ets\\entryability\\EntryAbility.ts","type":"file","isSymbolicLink":false,"fileMetaData":{"size":3685,"lastModifiedTime":1701415705004}}]},{"hashValue":"3e614b688dcac1d01e1d01fdf2d8bdea","name":"pages","path":"C:\\Users\\26387\\DevEcoStudioProjects\\AccountBook\\entry\\src\\main\\ets\\pages","type":"directory","isSymbolicLink":false,"children":[{"hashValue":"bdfd960b05add0799c872c888a9b75e3","name":"DialogComponent.ets","path":"C:\\Users\\26387\\DevEcoStudioProjects\\AccountBook\\entry\\src\\main\\ets\\pages\\DialogComponent.ets","type":"file","isSymbolicLink":false,"fileMetaData":{"size":11890,"lastModifiedTime":1700470572647}},{"hashValue":"4cb1b083128168135aba20a47cfbd7a2","name":"Index.ets","path":"C:\\Users\\26387\\DevEcoStudioProjects\\AccountBook\\entry\\src\\main\\ets\\pages\\Index.ets","type":"file","isSymbolicLink":false,"fileMetaData":{"size":21368,"lastModifiedTime":1701605017239}},{"hashValue":"9e7f4b49b41256d6095fa371f6253427","name":"mePage.ets","path":"C:\\Users\\26387\\DevEcoStudioProjects\\AccountBook\\entry\\src\\main\\ets\\pages\\mePage.ets","type":"file","isSymbolicLink":false,"fileMetaData":{"size":13886,"lastModifiedTime":1703148049256}},{"hashValue":"763bd16840e5d18623cbb1ddde8d1b7c","name":"sumPage.ets","path":"C:\\Users\\26387\\DevEcoStudioProjects\\AccountBook\\entry\\src\\main\\ets\\pages\\sumPage.ets","type":"file","isSymbolicLink":false,"fileMetaData":{"size":8032,"lastModifiedTime":1703147967123}},{"hashValue":"a5126b8c5cf3be21d504f21430a9a41c","name":"toBuyDialog.ets","path":"C:\\Users\\26387\\DevEcoStudioProjects\\AccountBook\\entry\\src\\main\\ets\\pages\\toBuyDialog.ets","type":"file","isSymbolicLink":false,"fileMetaData":{"size":6358,"lastModifiedTime":1700708440817}},{"hashValue":"57147fe63b54011d23961d424671c391","name":"toBuyPage.ets","path":"C:\\Users\\26387\\DevEcoStudioProjects\\AccountBook\\entry\\src\\main\\ets\\pages\\toBuyPage.ets","type":"file","isSymbolicLink":false,"fileMetaData":{"size":15498,"lastModifiedTime":1701417363055}},{"hashValue":"62b77106ae09cb8855bf51515732132d","name":"webPage_jing.ets","path":"C:\\Users\\26387\\DevEcoStudioProjects\\AccountBook\\entry\\src\\main\\ets\\pages\\webPage_jing.ets","type":"file","isSymbolicLink":false,"fileMetaData":{"size":695,"lastModifiedTime":1700468680783}},{"hashValue":"4aca6701e5b36c810a9180acf7226272","name":"webPage.ets","path":"C:\\Users\\26387\\DevEcoStudioProjects\\AccountBook\\entry\\src\\main\\ets\\pages\\webPage.ets","type":"file","isSymbolicLink":false,"fileMetaData":{"size":948,"lastModifiedTime":1700468745334}}]},{"hashValue":"b120e94fa4d13e7474fb3ef16d267b90","name":"service","path":"C:\\Users\\26387\\DevEcoStudioProjects\\AccountBook\\entry\\src\\main\\ets\\service","type":"directory","isSymbolicLink":false,"children":[{"hashValue":"940f6a25d81809db1898e9c2baccd291","name":"Applicant.ts","path":"C:\\Users\\26387\\DevEcoStudioProjects\\AccountBook\\entry\\src\\main\\ets\\service\\Applicant.ts","type":"file","isSymbolicLink":false,"fileMetaData":{"size":1629,"lastModifiedTime":1700466135828}},{"hashValue":"8b0c54305434e906f173262346337746","name":"Dectector.ts","path":"C:\\Users\\26387\\DevEcoStudioProjects\\AccountBook\\entry\\src\\main\\ets\\service\\Dectector.ts","type":"file","isSymbolicLink":false,"fileMetaData":{"size":1802,"lastModifiedTime":1700464105876}}]},{"hashValue":"e70c9f56f743b662c92fe126ef73b18f","name":"utils","path":"C:\\Users\\26387\\DevEcoStudioProjects\\AccountBook\\entry\\src\\main\\ets\\utils","type":"directory","isSymbolicLink":false,"children":[{"hashValue":"51f7dfb36fddaebe2635b3fd443d2ee8","name":"dateHepler.ets","path":"C:\\Users\\26387\\DevEcoStudioProjects\\AccountBook\\entry\\src\\main\\ets\\utils\\dateHepler.ets","type":"file","isSymbolicLink":false,"fileMetaData":{"size":401,"lastModifiedTime":1700724322288}},{"hashValue":"1a609304f3de599a3daf89170ed12a8e","name":"Logger.ets","path":"C:\\Users\\26387\\DevEcoStudioProjects\\AccountBook\\entry\\src\\main\\ets\\utils\\Logger.ets","type":"file","isSymbolicLink":false,"fileMetaData":{"size":2046,"lastModifiedTime":1700726036733}}]}]},"C:\\Users\\26387\\DevEcoStudioProjects\\AccountBook\\entry\\build\\default\\intermediates\\loader_out\\default\\ets":{"hashValue":"1e9f437eff3e8dfe1a68411f90437f1a","name":"ets","path":"C:\\Users\\26387\\DevEcoStudioProjects\\AccountBook\\entry\\build\\default\\intermediates\\loader_out\\default\\ets","type":"directory","isSymbolicLink":false,"children":[{"hashValue":"1f7db310a9b1fc8d818a27201d005167","name":"modules.abc","path":"C:\\Users\\26387\\DevEcoStudioProjects\\AccountBook\\entry\\build\\default\\intermediates\\loader_out\\default\\ets\\modules.abc","type":"file","isSymbolicLink":false,"fileMetaData":{"size":575828,"lastModifiedTime":1703148068619}},{"hashValue":"fa950ed33ddfb14412cca57c273ed103","name":"sourceMaps.map","path":"C:\\Users\\26387\\DevEcoStudioProjects\\AccountBook\\entry\\build\\default\\intermediates\\loader_out\\default\\ets\\sourceMaps.map","type":"file","isSymbolicLink":false,"fileMetaData":{"size":602152,"lastModifiedTime":1703148068550}}]},"C:\\Users\\26387\\DevEcoStudioProjects\\AccountBook\\entry\\build\\default\\intermediates\\res\\default\\resources":{"hashValue":"4ddc520264011bb0bd03fd8eac7dc575","name":"resources","path":"C:\\Users\\26387\\DevEcoStudioProjects\\AccountBook\\entry\\build\\default\\intermediates\\res\\default\\resources","type":"directory","isSymbolicLink":false,"children":[{"hashValue":"c6e83dd4ce88ac34938fe24405d8299b","name":"base","path":"C:\\Users\\26387\\DevEcoStudioProjects\\AccountBook\\entry\\build\\default\\intermediates\\res\\default\\resources\\base","type":"directory","isSymbolicLink":false,"children":[{"hashValue":"50f0acebe041fae4e24ec2b62609db88","name":"media","path":"C:\\Users\\26387\\DevEcoStudioProjects\\AccountBook\\entry\\build\\default\\intermediates\\res\\default\\resources\\base\\media","type":"directory","isSymbolicLink":false,"children":[{"hashValue":"b681bf8750755498f31f343dba5a0691","name":"app_icon.png","path":"C:\\Users\\26387\\DevEcoStudioProjects\\AccountBook\\entry\\build\\default\\intermediates\\res\\default\\resources\\base\\media\\app_icon.png","type":"file","isSymbolicLink":false,"fileMetaData":{"size":6790,"lastModifiedTime":1699275252294}},{"hashValue":"364b5d929cd2fb8e1deff857be3883ec","name":"icon.png","path":"C:\\Users\\26387\\DevEcoStudioProjects\\AccountBook\\entry\\build\\default\\intermediates\\res\\default\\resources\\base\\media\\icon.png","type":"file","isSymbolicLink":false,"fileMetaData":{"size":6790,"lastModifiedTime":1699275252585}}]},{"hashValue":"cc6f41e6c8dc816eeee4e11458d2c70a","name":"profile","path":"C:\\Users\\26387\\DevEcoStudioProjects\\AccountBook\\entry\\build\\default\\intermediates\\res\\default\\resources\\base\\profile","type":"directory","isSymbolicLink":false,"children":[{"hashValue":"a0890377f47d3ef29b55ba12884c5194","name":"main_pages.json","path":"C:\\Users\\26387\\DevEcoStudioProjects\\AccountBook\\entry\\build\\default\\intermediates\\res\\default\\resources\\base\\profile\\main_pages.json","type":"file","isSymbolicLink":false,"fileMetaData":{"size":147,"lastModifiedTime":1700468488057}}]}]},{"hashValue":"b4a07d5c90f794ebccee71ebdb1d3754","name":"rawfile","path":"C:\\Users\\26387\\DevEcoStudioProjects\\AccountBook\\entry\\build\\default\\intermediates\\res\\default\\resources\\rawfile","type":"directory","isSymbolicLink":false,"children":[{"hashValue":"2c51578223b320ec97a5cded1c728f24","name":"awards.svg","path":"C:\\Users\\26387\\DevEcoStudioProjects\\AccountBook\\entry\\build\\default\\intermediates\\res\\default\\resources\\rawfile\\awards.svg","type":"file","isSymbolicLink":false,"fileMetaData":{"size":2261,"lastModifiedTime":1700370447336}},{"hashValue":"055121873652aa44f574a49a5a471c0c","name":"badminton.svg","path":"C:\\Users\\26387\\DevEcoStudioProjects\\AccountBook\\entry\\build\\default\\intermediates\\res\\default\\resources\\rawfile\\badminton.svg","type":"file","isSymbolicLink":false,"fileMetaData":{"size":2787,"lastModifiedTime":1700370972835}},{"hashValue":"2a6463c93e13eb2b2155017dd90b5f74","name":"competition.svg","path":"C:\\Users\\26387\\DevEcoStudioProjects\\AccountBook\\entry\\build\\default\\intermediates\\res\\default\\resources\\rawfile\\competition.svg","type":"file","isSymbolicLink":false,"fileMetaData":{"size":2078,"lastModifiedTime":1700370718068}},{"hashValue":"67d5dcc359cbb3ec3840fa2e66d2edec","name":"digit.svg","path":"C:\\Users\\26387\\DevEcoStudioProjects\\AccountBook\\entry\\build\\default\\intermediates\\res\\default\\resources\\rawfile\\digit.svg","type":"file","isSymbolicLink":false,"fileMetaData":{"size":882,"lastModifiedTime":1700370794879}},{"hashValue":"1b3cf7695b5db74c68e7640339ff1220","name":"extraIncome.svg","path":"C:\\Users\\26387\\DevEcoStudioProjects\\AccountBook\\entry\\build\\default\\intermediates\\res\\default\\resources\\rawfile\\extraIncome.svg","type":"file","isSymbolicLink":false,"fileMetaData":{"size":3042,"lastModifiedTime":1700370600029}},{"hashValue":"cb9d622c28e3b24409ef97268bb8a291","name":"festival.svg","path":"C:\\Users\\26387\\DevEcoStudioProjects\\AccountBook\\entry\\build\\default\\intermediates\\res\\default\\resources\\rawfile\\festival.svg","type":"file","isSymbolicLink":false,"fileMetaData":{"size":3517,"lastModifiedTime":1700371195032}},{"hashValue":"10c40073b98858a691800fd637d7b39f","name":"foods.svg","path":"C:\\Users\\26387\\DevEcoStudioProjects\\AccountBook\\entry\\build\\default\\intermediates\\res\\default\\resources\\rawfile\\foods.svg","type":"file","isSymbolicLink":false,"fileMetaData":{"size":2648,"lastModifiedTime":1700100229138}},{"hashValue":"6bf492921c0648763b9a8296dc057184","name":"fruit.svg","path":"C:\\Users\\26387\\DevEcoStudioProjects\\AccountBook\\entry\\build\\default\\intermediates\\res\\default\\resources\\rawfile\\fruit.svg","type":"file","isSymbolicLink":false,"fileMetaData":{"size":1250,"lastModifiedTime":1700371057792}},{"hashValue":"4ed09871a541f2ed5be0d6760572f9e1","name":"fuel.svg","path":"C:\\Users\\26387\\DevEcoStudioProjects\\AccountBook\\entry\\build\\default\\intermediates\\res\\default\\resources\\rawfile\\fuel.svg","type":"file","isSymbolicLink":false,"fileMetaData":{"size":1050,"lastModifiedTime":1700100381488}},{"hashValue":"188733122f19da07c734315a09b04455","name":"games.svg","path":"C:\\Users\\26387\\DevEcoStudioProjects\\AccountBook\\entry\\build\\default\\intermediates\\res\\default\\resources\\rawfile\\games.svg","type":"file","isSymbolicLink":false,"fileMetaData":{"size":2190,"lastModifiedTime":1700100474886}},{"hashValue":"3e6cd9fc18e15908892670a4b7d8157f","name":"gift.svg","path":"C:\\Users\\26387\\DevEcoStudioProjects\\AccountBook\\entry\\build\\default\\intermediates\\res\\default\\resources\\rawfile\\gift.svg","type":"file","isSymbolicLink":false,"fileMetaData":{"size":2714,"lastModifiedTime":1700371151633}},{"hashValue":"d0aa24499c14704a62355512ac4b158b","name":"graph.jpg","path":"C:\\Users\\26387\\DevEcoStudioProjects\\AccountBook\\entry\\build\\default\\intermediates\\res\\default\\resources\\rawfile\\graph.jpg","type":"file","isSymbolicLink":false,"fileMetaData":{"size":3304,"lastModifiedTime":1701605406777}},{"hashValue":"54a4497efb41c7b76f95d639b50ca455","name":"half.png","path":"C:\\Users\\26387\\DevEcoStudioProjects\\AccountBook\\entry\\build\\default\\intermediates\\res\\default\\resources\\rawfile\\half.png","type":"file","isSymbolicLink":false,"fileMetaData":{"size":2323,"lastModifiedTime":1697790998000}},{"hashValue":"1d4b72a7082e50000caf4136bd38c799","name":"income.svg","path":"C:\\Users\\26387\\DevEcoStudioProjects\\AccountBook\\entry\\build\\default\\intermediates\\res\\default\\resources\\rawfile\\income.svg","type":"file","isSymbolicLink":false,"fileMetaData":{"size":1518,"lastModifiedTime":1700100573156}},{"hashValue":"7a229dcda2f9eafb1c5794f020c5133b","name":"invest.svg","path":"C:\\Users\\26387\\DevEcoStudioProjects\\AccountBook\\entry\\build\\default\\intermediates\\res\\default\\resources\\rawfile\\invest.svg","type":"file","isSymbolicLink":false,"fileMetaData":{"size":1929,"lastModifiedTime":1700102806737}},{"hashValue":"abe72e656448e7c4944acc78aff5d5c4","name":"mainPage_addIcon.png","path":"C:\\Users\\26387\\DevEcoStudioProjects\\AccountBook\\entry\\build\\default\\intermediates\\res\\default\\resources\\rawfile\\mainPage_addIcon.png","type":"file","isSymbolicLink":false,"fileMetaData":{"size":4973,"lastModifiedTime":1699973427633}},{"hashValue":"e3ba99bd1073e02035b3d79355f182c3","name":"mainPage_addIcon.svg","path":"C:\\Users\\26387\\DevEcoStudioProjects\\AccountBook\\entry\\build\\default\\intermediates\\res\\default\\resources\\rawfile\\mainPage_addIcon.svg","type":"file","isSymbolicLink":false,"fileMetaData":{"size":646,"lastModifiedTime":1699972719157}},{"hashValue":"1abb2991c15c5fca05a32ce0df61254b","name":"mainPage_deleteIcon.svg","path":"C:\\Users\\26387\\DevEcoStudioProjects\\AccountBook\\entry\\build\\default\\intermediates\\res\\default\\resources\\rawfile\\mainPage_deleteIcon.svg","type":"file","isSymbolicLink":false,"fileMetaData":{"size":834,"lastModifiedTime":1700048411039}},{"hashValue":"4b74d4f985b02edcb8ee1c9fbc887527","name":"mainPage_editAll.png","path":"C:\\Users\\26387\\DevEcoStudioProjects\\AccountBook\\entry\\build\\default\\intermediates\\res\\default\\resources\\rawfile\\mainPage_editAll.png","type":"file","isSymbolicLink":false,"fileMetaData":{"size":5125,"lastModifiedTime":1699946265914}},{"hashValue":"921b65297f31eb399ec54cfeffed13d3","name":"mainPage_editAll.svg","path":"C:\\Users\\26387\\DevEcoStudioProjects\\AccountBook\\entry\\build\\default\\intermediates\\res\\default\\resources\\rawfile\\mainPage_editAll.svg","type":"file","isSymbolicLink":false,"fileMetaData":{"size":938,"lastModifiedTime":1699945187881}},{"hashValue":"8bff64066457692c5f0637d37a55f5fb","name":"myGraph.png","path":"C:\\Users\\26387\\DevEcoStudioProjects\\AccountBook\\entry\\build\\default\\intermediates\\res\\default\\resources\\rawfile\\myGraph.png","type":"file","isSymbolicLink":false,"fileMetaData":{"size":45141,"lastModifiedTime":1701606900122}},{"hashValue":"118869baea053660f91cb96d85be63a2","name":"page_detail.svg","path":"C:\\Users\\26387\\DevEcoStudioProjects\\AccountBook\\entry\\build\\default\\intermediates\\res\\default\\resources\\rawfile\\page_detail.svg","type":"file","isSymbolicLink":false,"fileMetaData":{"size":741,"lastModifiedTime":1700301049287}},{"hashValue":"4a35ba345aae5506de7fa928cc3f617d","name":"page_me.svg","path":"C:\\Users\\26387\\DevEcoStudioProjects\\AccountBook\\entry\\build\\default\\intermediates\\res\\default\\resources\\rawfile\\page_me.svg","type":"file","isSymbolicLink":false,"fileMetaData":{"size":3805,"lastModifiedTime":1700300996400}},{"hashValue":"ee0dc5bad2aaf9e221407ad0b95b6783","name":"page_sum.svg","path":"C:\\Users\\26387\\DevEcoStudioProjects\\AccountBook\\entry\\build\\default\\intermediates\\res\\default\\resources\\rawfile\\page_sum.svg","type":"file","isSymbolicLink":false,"fileMetaData":{"size":525,"lastModifiedTime":1700301086171}},{"hashValue":"3cb66f6dddd9ac452979e34fc5cee5c7","name":"page_tobuy.svg","path":"C:\\Users\\26387\\DevEcoStudioProjects\\AccountBook\\entry\\build\\default\\intermediates\\res\\default\\resources\\rawfile\\page_tobuy.svg","type":"file","isSymbolicLink":false,"fileMetaData":{"size":2851,"lastModifiedTime":1700301725085}},{"hashValue":"f7dc02393fb6ea1cafe647691566344d","name":"PE.svg","path":"C:\\Users\\26387\\DevEcoStudioProjects\\AccountBook\\entry\\build\\default\\intermediates\\res\\default\\resources\\rawfile\\PE.svg","type":"file","isSymbolicLink":false,"fileMetaData":{"size":2085,"lastModifiedTime":1700371006983}},{"hashValue":"816458fa442c8b139dae9455678ad272","name":"pets.svg","path":"C:\\Users\\26387\\DevEcoStudioProjects\\AccountBook\\entry\\build\\default\\intermediates\\res\\default\\resources\\rawfile\\pets.svg","type":"file","isSymbolicLink":false,"fileMetaData":{"size":2023,"lastModifiedTime":1700100495037}},{"hashValue":"976e41f1e396f6d3441bb85ecad3d51d","name":"snacks.svg","path":"C:\\Users\\26387\\DevEcoStudioProjects\\AccountBook\\entry\\build\\default\\intermediates\\res\\default\\resources\\rawfile\\snacks.svg","type":"file","isSymbolicLink":false,"fileMetaData":{"size":6539,"lastModifiedTime":1700100349739}},{"hashValue":"35a14bebd16554102378b07bb1b74b47","name":"sneaker.svg","path":"C:\\Users\\26387\\DevEcoStudioProjects\\AccountBook\\entry\\build\\default\\intermediates\\res\\default\\resources\\rawfile\\sneaker.svg","type":"file","isSymbolicLink":false,"fileMetaData":{"size":1645,"lastModifiedTime":1700371130368}},{"hashValue":"63c6bff40a65f933a4ad8e782f0708cf","name":"social.svg","path":"C:\\Users\\26387\\DevEcoStudioProjects\\AccountBook\\entry\\build\\default\\intermediates\\res\\default\\resources\\rawfile\\social.svg","type":"file","isSymbolicLink":false,"fileMetaData":{"size":2422,"lastModifiedTime":1700370910750}},{"hashValue":"47e3d1b7feb58efe802672796379a5d2","name":"toBuyPage_jingdong.svg","path":"C:\\Users\\26387\\DevEcoStudioProjects\\AccountBook\\entry\\build\\default\\intermediates\\res\\default\\resources\\rawfile\\toBuyPage_jingdong.svg","type":"file","isSymbolicLink":false,"fileMetaData":{"size":1071,"lastModifiedTime":1700468334303}},{"hashValue":"85a5ea2f44ac898f782efd06eaed11d9","name":"toBuyPage_taoBao.svg","path":"C:\\Users\\26387\\DevEcoStudioProjects\\AccountBook\\entry\\build\\default\\intermediates\\res\\default\\resources\\rawfile\\toBuyPage_taoBao.svg","type":"file","isSymbolicLink":false,"fileMetaData":{"size":4958,"lastModifiedTime":1700448836723}},{"hashValue":"7fba253eb3cd49cbf8ec3ce80fc5433d","name":"travel.svg","path":"C:\\Users\\26387\\DevEcoStudioProjects\\AccountBook\\entry\\build\\default\\intermediates\\res\\default\\resources\\rawfile\\travel.svg","type":"file","isSymbolicLink":false,"fileMetaData":{"size":1520,"lastModifiedTime":1700100460204}},{"hashValue":"f4d86fd104fd153161f7fc40e92b593c","name":"workout.svg","path":"C:\\Users\\26387\\DevEcoStudioProjects\\AccountBook\\entry\\build\\default\\intermediates\\res\\default\\resources\\rawfile\\workout.svg","type":"file","isSymbolicLink":false,"fileMetaData":{"size":3629,"lastModifiedTime":1700371017381}}]}]},"C:\\Users\\26387\\DevEcoStudioProjects\\AccountBook\\entry\\build\\default\\intermediates\\res\\default\\resources.index":{"hashValue":"740d5b684e7079c40b74b25f10e89450","name":"resources.index","path":"C:\\Users\\26387\\DevEcoStudioProjects\\AccountBook\\entry\\build\\default\\intermediates\\res\\default\\resources.index","type":"file","isSymbolicLink":false,"fileMetaData":{"size":3158,"lastModifiedTime":1701607008685}},"C:\\Users\\26387\\DevEcoStudioProjects\\AccountBook\\entry\\build\\default\\outputs\\default\\entry-default-unsigned.hap":{"hashValue":"7c390970b3fb028fc2e1ec8c357e1969","name":"entry-default-unsigned.hap","path":"C:\\Users\\26387\\DevEcoStudioProjects\\AccountBook\\entry\\build\\default\\outputs\\default\\entry-default-unsigned.hap","type":"file","isSymbolicLink":false,"fileMetaData":{"size":1328185,"lastModifiedTime":1703148068909}},"C:\\Users\\26387\\DevEcoStudioProjects\\AccountBook\\entry\\.preview\\default\\intermediates\\merge_profile\\default\\module.json":{"hashValue":"abd5b315b1863113e9aaddae7b01df2b","name":"module.json","path":"C:\\Users\\26387\\DevEcoStudioProjects\\AccountBook\\entry\\.preview\\default\\intermediates\\merge_profile\\default\\module.json","type":"file","isSymbolicLink":false,"fileMetaData":{"size":1237,"lastModifiedTime":1701605887673}},"C:\\Users\\26387\\DevEcoStudioProjects\\AccountBook\\entry\\.preview\\default\\intermediates\\loader\\default\\loader.json":{"hashValue":"f99edbf2350ae515f7267af99bf64090","name":"loader.json","path":"C:\\Users\\26387\\DevEcoStudioProjects\\AccountBook\\entry\\.preview\\default\\intermediates\\loader\\default\\loader.json","type":"file","isSymbolicLink":false,"fileMetaData":{"size":402,"lastModifiedTime":1701605887679}},"C:\\Users\\26387\\DevEcoStudioProjects\\AccountBook\\entry\\.preview\\default\\intermediates\\process_profile\\default\\module.json":{"hashValue":"d13fbbe06b2d23867d423e7ef1dd2076","name":"module.json","path":"C:\\Users\\26387\\DevEcoStudioProjects\\AccountBook\\entry\\.preview\\default\\intermediates\\process_profile\\default\\module.json","type":"file","isSymbolicLink":false,"fileMetaData":{"size":1322,"lastModifiedTime":1701605887761}},"C:\\Users\\26387\\DevEcoStudioProjects\\AccountBook\\entry\\.preview\\default\\intermediates\\res\\default":{"hashValue":"56e0c80a12f7be205ce62981dc31d345","name":"default","path":"C:\\Users\\26387\\DevEcoStudioProjects\\AccountBook\\entry\\.preview\\default\\intermediates\\res\\default","type":"directory","isSymbolicLink":false,"children":[{"hashValue":"f01c0537b71b4916af3ae4af06c8fc45","name":"app_compiled","path":"C:\\Users\\26387\\DevEcoStudioProjects\\AccountBook\\entry\\.preview\\default\\intermediates\\res\\default\\app_compiled","type":"directory","isSymbolicLink":false,"children":[{"hashValue":"9ab467bc43294ca1902b2289e1697e43","name":"4586019599389855509","path":"C:\\Users\\26387\\DevEcoStudioProjects\\AccountBook\\entry\\.preview\\default\\intermediates\\res\\default\\app_compiled\\4586019599389855509","type":"file","isSymbolicLink":false,"fileMetaData":{"size":220,"lastModifiedTime":1701606948195}},{"hashValue":"63f8e4648a8508470ef6f5df68b76e6d","name":"7245224881597364951","path":"C:\\Users\\26387\\DevEcoStudioProjects\\AccountBook\\entry\\.preview\\default\\intermediates\\res\\default\\app_compiled\\7245224881597364951","type":"file","isSymbolicLink":false,"fileMetaData":{"size":138,"lastModifiedTime":1701606948194}}]},{"hashValue":"0533c62e6534d59d8f28c9aab910b474","name":"module_compiled","path":"C:\\Users\\26387\\DevEcoStudioProjects\\AccountBook\\entry\\.preview\\default\\intermediates\\res\\default\\module_compiled","type":"directory","isSymbolicLink":false,"children":[{"hashValue":"e18dbbb69e67caa38e3f8a65587e6675","name":"10427476075049032481","path":"C:\\Users\\26387\\DevEcoStudioProjects\\AccountBook\\entry\\.preview\\default\\intermediates\\res\\default\\module_compiled\\10427476075049032481","type":"file","isSymbolicLink":false,"fileMetaData":{"size":150,"lastModifiedTime":1701606948259}},{"hashValue":"5ce55718b908a561886ae0459969dd8b","name":"10620996330121108774","path":"C:\\Users\\26387\\DevEcoStudioProjects\\AccountBook\\entry\\.preview\\default\\intermediates\\res\\default\\module_compiled\\10620996330121108774","type":"file","isSymbolicLink":false,"fileMetaData":{"size":142,"lastModifiedTime":1701606948259}},{"hashValue":"c8549219f73a660fbdd275d2306eec14","name":"11055237357365048362","path":"C:\\Users\\26387\\DevEcoStudioProjects\\AccountBook\\entry\\.preview\\default\\intermediates\\res\\default\\module_compiled\\11055237357365048362","type":"file","isSymbolicLink":false,"fileMetaData":{"size":164,"lastModifiedTime":1701606948261}},{"hashValue":"0fe2d4d4a748c83c55a4bb4fc59e19e2","name":"11130027970894413676","path":"C:\\Users\\26387\\DevEcoStudioProjects\\AccountBook\\entry\\.preview\\default\\intermediates\\res\\default\\module_compiled\\11130027970894413676","type":"file","isSymbolicLink":false,"fileMetaData":{"size":146,"lastModifiedTime":1701606948263}},{"hashValue":"0a342a2344c68903f921d20f486e1d14","name":"11605505687248654327","path":"C:\\Users\\26387\\DevEcoStudioProjects\\AccountBook\\entry\\.preview\\default\\intermediates\\res\\default\\module_compiled\\11605505687248654327","type":"file","isSymbolicLink":false,"fileMetaData":{"size":136,"lastModifiedTime":1701606948262}},{"hashValue":"c1f2dc1a518c8875d36564a5e8ab5e21","name":"12221318716850760171","path":"C:\\Users\\26387\\DevEcoStudioProjects\\AccountBook\\entry\\.preview\\default\\intermediates\\res\\default\\module_compiled\\12221318716850760171","type":"file","isSymbolicLink":false,"fileMetaData":{"size":144,"lastModifiedTime":1701606948263}},{"hashValue":"731cba106bb7e8dd0cfed2e4bed6cdfc","name":"12807517412056781485","path":"C:\\Users\\26387\\DevEcoStudioProjects\\AccountBook\\entry\\.preview\\default\\intermediates\\res\\default\\module_compiled\\12807517412056781485","type":"file","isSymbolicLink":false,"fileMetaData":{"size":154,"lastModifiedTime":1701606948262}},{"hashValue":"90a8bafcdde888dc862e66c5eb3a90a5","name":"13652807536767943877","path":"C:\\Users\\26387\\DevEcoStudioProjects\\AccountBook\\entry\\.preview\\default\\intermediates\\res\\default\\module_compiled\\13652807536767943877","type":"file","isSymbolicLink":false,"fileMetaData":{"size":1158,"lastModifiedTime":1701606948254}},{"hashValue":"7b28b826c9ad5d74345badd23df5941c","name":"13762735641931362554","path":"C:\\Users\\26387\\DevEcoStudioProjects\\AccountBook\\entry\\.preview\\default\\intermediates\\res\\default\\module_compiled\\13762735641931362554","type":"file","isSymbolicLink":false,"fileMetaData":{"size":4098,"lastModifiedTime":1701606948255}},{"hashValue":"beb1f194ad8f4318338e4cec7fc96feb","name":"14044245342018792270","path":"C:\\Users\\26387\\DevEcoStudioProjects\\AccountBook\\entry\\.preview\\default\\intermediates\\res\\default\\module_compiled\\14044245342018792270","type":"file","isSymbolicLink":false,"fileMetaData":{"size":140,"lastModifiedTime":1701606948260}},{"hashValue":"3844fa780ed83b244452c5995af4bc30","name":"14683422418108400417","path":"C:\\Users\\26387\\DevEcoStudioProjects\\AccountBook\\entry\\.preview\\default\\intermediates\\res\\default\\module_compiled\\14683422418108400417","type":"file","isSymbolicLink":false,"fileMetaData":{"size":682,"lastModifiedTime":1701606948257}},{"hashValue":"77fd6b0ff9193d6eb46f6145641c75ef","name":"14789106575852540091","path":"C:\\Users\\26387\\DevEcoStudioProjects\\AccountBook\\entry\\.preview\\default\\intermediates\\res\\default\\module_compiled\\14789106575852540091","type":"file","isSymbolicLink":false,"fileMetaData":{"size":164,"lastModifiedTime":1701606948261}},{"hashValue":"8b458ac041be6d2beecc3bec43dedd00","name":"15381676342901176209","path":"C:\\Users\\26387\\DevEcoStudioProjects\\AccountBook\\entry\\.preview\\default\\intermediates\\res\\default\\module_compiled\\15381676342901176209","type":"file","isSymbolicLink":false,"fileMetaData":{"size":334,"lastModifiedTime":1701606948264}},{"hashValue":"22941f055278b5cb727582f6737a5b5a","name":"15505558748117113523","path":"C:\\Users\\26387\\DevEcoStudioProjects\\AccountBook\\entry\\.preview\\default\\intermediates\\res\\default\\module_compiled\\15505558748117113523","type":"file","isSymbolicLink":false,"fileMetaData":{"size":154,"lastModifiedTime":1701606948259}},{"hashValue":"03afcd0df8d56afea123d4b5823beb93","name":"16545122404635553228","path":"C:\\Users\\26387\\DevEcoStudioProjects\\AccountBook\\entry\\.preview\\default\\intermediates\\res\\default\\module_compiled\\16545122404635553228","type":"file","isSymbolicLink":false,"fileMetaData":{"size":140,"lastModifiedTime":1701606948260}},{"hashValue":"bd41d74fa55dbb34d50d44ad6084fac8","name":"16895465817462473424","path":"C:\\Users\\26387\\DevEcoStudioProjects\\AccountBook\\entry\\.preview\\default\\intermediates\\res\\default\\module_compiled\\16895465817462473424","type":"file","isSymbolicLink":false,"fileMetaData":{"size":220,"lastModifiedTime":1701606948256}},{"hashValue":"8aaa10fa9d76d661bd7c277b781dec71","name":"17523747118158729214","path":"C:\\Users\\26387\\DevEcoStudioProjects\\AccountBook\\entry\\.preview\\default\\intermediates\\res\\default\\module_compiled\\17523747118158729214","type":"file","isSymbolicLink":false,"fileMetaData":{"size":146,"lastModifiedTime":1701606948262}},{"hashValue":"2471e28e006b82665a44e4ce2a2c2666","name":"17637139327208355280","path":"C:\\Users\\26387\\DevEcoStudioProjects\\AccountBook\\entry\\.preview\\default\\intermediates\\res\\default\\module_compiled\\17637139327208355280","type":"file","isSymbolicLink":false,"fileMetaData":{"size":164,"lastModifiedTime":1701606948261}},{"hashValue":"86495220e4ee22ce0c2f4b7ec79ef638","name":"17750098696584973295","path":"C:\\Users\\26387\\DevEcoStudioProjects\\AccountBook\\entry\\.preview\\default\\intermediates\\res\\default\\module_compiled\\17750098696584973295","type":"file","isSymbolicLink":false,"fileMetaData":{"size":144,"lastModifiedTime":1701606948261}},{"hashValue":"b6b21659723f09950bc492e8659d43fe","name":"17782103554888716765","path":"C:\\Users\\26387\\DevEcoStudioProjects\\AccountBook\\entry\\.preview\\default\\intermediates\\res\\default\\module_compiled\\17782103554888716765","type":"file","isSymbolicLink":false,"fileMetaData":{"size":156,"lastModifiedTime":1701606948257}},{"hashValue":"2887ec6958b7b69adcfe0d23038b810a","name":"18015457786199294763","path":"C:\\Users\\26387\\DevEcoStudioProjects\\AccountBook\\entry\\.preview\\default\\intermediates\\res\\default\\module_compiled\\18015457786199294763","type":"file","isSymbolicLink":false,"fileMetaData":{"size":142,"lastModifiedTime":1701606948260}},{"hashValue":"5086e1a1b853038f34d2a789528ffdd1","name":"3138482227549652585","path":"C:\\Users\\26387\\DevEcoStudioProjects\\AccountBook\\entry\\.preview\\default\\intermediates\\res\\default\\module_compiled\\3138482227549652585","type":"file","isSymbolicLink":false,"fileMetaData":{"size":148,"lastModifiedTime":1701606948260}},{"hashValue":"1671622ec234422cc7efd89bc3aa27da","name":"3570111416425213490","path":"C:\\Users\\26387\\DevEcoStudioProjects\\AccountBook\\entry\\.preview\\default\\intermediates\\res\\default\\module_compiled\\3570111416425213490","type":"file","isSymbolicLink":false,"fileMetaData":{"size":154,"lastModifiedTime":1701606948259}},{"hashValue":"68be25b2cdd956fb35ae6299fe996456","name":"3575650088163029978","path":"C:\\Users\\26387\\DevEcoStudioProjects\\AccountBook\\entry\\.preview\\default\\intermediates\\res\\default\\module_compiled\\3575650088163029978","type":"file","isSymbolicLink":false,"fileMetaData":{"size":152,"lastModifiedTime":1701606948262}},{"hashValue":"523fb6fd5980ab9b12b2d7b1b2148b44","name":"3816279896737233845","path":"C:\\Users\\26387\\DevEcoStudioProjects\\AccountBook\\entry\\.preview\\default\\intermediates\\res\\default\\module_compiled\\3816279896737233845","type":"file","isSymbolicLink":false,"fileMetaData":{"size":142,"lastModifiedTime":1701606948260}},{"hashValue":"aab53153e652358aebb435ef0bd53961","name":"4102345574256512799","path":"C:\\Users\\26387\\DevEcoStudioProjects\\AccountBook\\entry\\.preview\\default\\intermediates\\res\\default\\module_compiled\\4102345574256512799","type":"file","isSymbolicLink":false,"fileMetaData":{"size":148,"lastModifiedTime":1701606948262}},{"hashValue":"307cfcdb3c3cbf0a057bae2fe17bf03e","name":"440031035892452284","path":"C:\\Users\\26387\\DevEcoStudioProjects\\AccountBook\\entry\\.preview\\default\\intermediates\\res\\default\\module_compiled\\440031035892452284","type":"file","isSymbolicLink":false,"fileMetaData":{"size":245,"lastModifiedTime":1701606948256}},{"hashValue":"8d0235c15a004c924ba06944a7e1d63c","name":"5764059453119075985","path":"C:\\Users\\26387\\DevEcoStudioProjects\\AccountBook\\entry\\.preview\\default\\intermediates\\res\\default\\module_compiled\\5764059453119075985","type":"file","isSymbolicLink":false,"fileMetaData":{"size":164,"lastModifiedTime":1701606948261}},{"hashValue":"e3373b1211cc2d129fe16841af4e85ab","name":"6214753355121601228","path":"C:\\Users\\26387\\DevEcoStudioProjects\\AccountBook\\entry\\.preview\\default\\intermediates\\res\\default\\module_compiled\\6214753355121601228","type":"file","isSymbolicLink":false,"fileMetaData":{"size":140,"lastModifiedTime":1701606948261}},{"hashValue":"3755df8931d7a2a5b7436c130fccdd7c","name":"6481621134527672553","path":"C:\\Users\\26387\\DevEcoStudioProjects\\AccountBook\\entry\\.preview\\default\\intermediates\\res\\default\\module_compiled\\6481621134527672553","type":"file","isSymbolicLink":false,"fileMetaData":{"size":144,"lastModifiedTime":1701606948259}},{"hashValue":"06fb719ad4f7eb957bc891e8c4c93d72","name":"6491982073774591507","path":"C:\\Users\\26387\\DevEcoStudioProjects\\AccountBook\\entry\\.preview\\default\\intermediates\\res\\default\\module_compiled\\6491982073774591507","type":"file","isSymbolicLink":false,"fileMetaData":{"size":144,"lastModifiedTime":1701606948263}},{"hashValue":"beada10139ddcf76e671fccf1bde38e3","name":"6723677978331775624","path":"C:\\Users\\26387\\DevEcoStudioProjects\\AccountBook\\entry\\.preview\\default\\intermediates\\res\\default\\module_compiled\\6723677978331775624","type":"file","isSymbolicLink":false,"fileMetaData":{"size":144,"lastModifiedTime":1701606948261}},{"hashValue":"c969c64be842c3597bba7ebe2ff1eec0","name":"6841476345508781570","path":"C:\\Users\\26387\\DevEcoStudioProjects\\AccountBook\\entry\\.preview\\default\\intermediates\\res\\default\\module_compiled\\6841476345508781570","type":"file","isSymbolicLink":false,"fileMetaData":{"size":140,"lastModifiedTime":1701606948262}},{"hashValue":"031e51dd4aa523938c154357d547e4b6","name":"7204942526705516408","path":"C:\\Users\\26387\\DevEcoStudioProjects\\AccountBook\\entry\\.preview\\default\\intermediates\\res\\default\\module_compiled\\7204942526705516408","type":"file","isSymbolicLink":false,"fileMetaData":{"size":144,"lastModifiedTime":1701606948263}},{"hashValue":"b09fdcca45a33d60b7c432d1b8d22871","name":"7337883867223405780","path":"C:\\Users\\26387\\DevEcoStudioProjects\\AccountBook\\entry\\.preview\\default\\intermediates\\res\\default\\module_compiled\\7337883867223405780","type":"file","isSymbolicLink":false,"fileMetaData":{"size":164,"lastModifiedTime":1701606948263}},{"hashValue":"e330a7f79c64d6fa36aee7207c2549c4","name":"8083017411798387570","path":"C:\\Users\\26387\\DevEcoStudioProjects\\AccountBook\\entry\\.preview\\default\\intermediates\\res\\default\\module_compiled\\8083017411798387570","type":"file","isSymbolicLink":false,"fileMetaData":{"size":168,"lastModifiedTime":1701606948263}},{"hashValue":"733d25a6cbc3da68c4758104ef0e7f82","name":"8633832003080097564","path":"C:\\Users\\26387\\DevEcoStudioProjects\\AccountBook\\entry\\.preview\\default\\intermediates\\res\\default\\module_compiled\\8633832003080097564","type":"file","isSymbolicLink":false,"fileMetaData":{"size":1638,"lastModifiedTime":1701606948265}},{"hashValue":"acf581082cc677bb29e5ac50983feb61","name":"8842681052339947533","path":"C:\\Users\\26387\\DevEcoStudioProjects\\AccountBook\\entry\\.preview\\default\\intermediates\\res\\default\\module_compiled\\8842681052339947533","type":"file","isSymbolicLink":false,"fileMetaData":{"size":146,"lastModifiedTime":1701606948262}},{"hashValue":"69dfaec17398a667d5fdd1ed58ab0a9a","name":"9056801206273354158","path":"C:\\Users\\26387\\DevEcoStudioProjects\\AccountBook\\entry\\.preview\\default\\intermediates\\res\\default\\module_compiled\\9056801206273354158","type":"file","isSymbolicLink":false,"fileMetaData":{"size":146,"lastModifiedTime":1701606948264}},{"hashValue":"482e948afc486d20113e5746dbe863ac","name":"968682888237402901","path":"C:\\Users\\26387\\DevEcoStudioProjects\\AccountBook\\entry\\.preview\\default\\intermediates\\res\\default\\module_compiled\\968682888237402901","type":"file","isSymbolicLink":false,"fileMetaData":{"size":170,"lastModifiedTime":1701606948261}},{"hashValue":"3ea316fea756dd65fc99c430470008e7","name":"9821662894390607355","path":"C:\\Users\\26387\\DevEcoStudioProjects\\AccountBook\\entry\\.preview\\default\\intermediates\\res\\default\\module_compiled\\9821662894390607355","type":"file","isSymbolicLink":false,"fileMetaData":{"size":609,"lastModifiedTime":1701606948256}},{"hashValue":"8b57f725c0bfc35a150bfe1283eddb4f","name":"9985292795323172649","path":"C:\\Users\\26387\\DevEcoStudioProjects\\AccountBook\\entry\\.preview\\default\\intermediates\\res\\default\\module_compiled\\9985292795323172649","type":"file","isSymbolicLink":false,"fileMetaData":{"size":142,"lastModifiedTime":1701606948260}},{"hashValue":"ff44c7df2c9b10a7a24900d089aea899","name":"9994480022113032833","path":"C:\\Users\\26387\\DevEcoStudioProjects\\AccountBook\\entry\\.preview\\default\\intermediates\\res\\default\\module_compiled\\9994480022113032833","type":"file","isSymbolicLink":false,"fileMetaData":{"size":142,"lastModifiedTime":1701606948260}}]},{"hashValue":"4953003fdb0d7cc440bbfe7bfb323454","name":"module.json","path":"C:\\Users\\26387\\DevEcoStudioProjects\\AccountBook\\entry\\.preview\\default\\intermediates\\res\\default\\module.json","type":"file","isSymbolicLink":false,"fileMetaData":{"size":2404,"lastModifiedTime":1701606948366}},{"hashValue":"c8a3dfa7bacac7865d0ca0d00931804a","name":"resources","path":"C:\\Users\\26387\\DevEcoStudioProjects\\AccountBook\\entry\\.preview\\default\\intermediates\\res\\default\\resources","type":"directory","isSymbolicLink":false,"children":[{"hashValue":"e047ee59fa68d8faec0673e823c60f78","name":"base","path":"C:\\Users\\26387\\DevEcoStudioProjects\\AccountBook\\entry\\.preview\\default\\intermediates\\res\\default\\resources\\base","type":"directory","isSymbolicLink":false,"children":[{"hashValue":"fc29d044b1eeff0788089b0ef572257f","name":"profile","path":"C:\\Users\\26387\\DevEcoStudioProjects\\AccountBook\\entry\\.preview\\default\\intermediates\\res\\default\\resources\\base\\profile","type":"directory","isSymbolicLink":false,"children":[{"hashValue":"575ff1baafb5bd2f70a45459796e2ac0","name":"main_pages.json","path":"C:\\Users\\26387\\DevEcoStudioProjects\\AccountBook\\entry\\.preview\\default\\intermediates\\res\\default\\resources\\base\\profile\\main_pages.json","type":"file","isSymbolicLink":false,"fileMetaData":{"size":109,"lastModifiedTime":1701606951609}}]}]},{"hashValue":"b4a07d5c90f794ebccee71ebdb1d3754","name":"rawfile","path":"C:\\Users\\26387\\DevEcoStudioProjects\\AccountBook\\entry\\.preview\\default\\intermediates\\res\\default\\resources\\rawfile","type":"directory","isSymbolicLink":false,"children":[{"hashValue":"2c51578223b320ec97a5cded1c728f24","name":"awards.svg","path":"C:\\Users\\26387\\DevEcoStudioProjects\\AccountBook\\entry\\.preview\\default\\intermediates\\res\\default\\resources\\rawfile\\awards.svg","type":"file","isSymbolicLink":false,"fileMetaData":{"size":2261,"lastModifiedTime":1700370447336}},{"hashValue":"055121873652aa44f574a49a5a471c0c","name":"badminton.svg","path":"C:\\Users\\26387\\DevEcoStudioProjects\\AccountBook\\entry\\.preview\\default\\intermediates\\res\\default\\resources\\rawfile\\badminton.svg","type":"file","isSymbolicLink":false,"fileMetaData":{"size":2787,"lastModifiedTime":1700370972835}},{"hashValue":"2a6463c93e13eb2b2155017dd90b5f74","name":"competition.svg","path":"C:\\Users\\26387\\DevEcoStudioProjects\\AccountBook\\entry\\.preview\\default\\intermediates\\res\\default\\resources\\rawfile\\competition.svg","type":"file","isSymbolicLink":false,"fileMetaData":{"size":2078,"lastModifiedTime":1700370718068}},{"hashValue":"67d5dcc359cbb3ec3840fa2e66d2edec","name":"digit.svg","path":"C:\\Users\\26387\\DevEcoStudioProjects\\AccountBook\\entry\\.preview\\default\\intermediates\\res\\default\\resources\\rawfile\\digit.svg","type":"file","isSymbolicLink":false,"fileMetaData":{"size":882,"lastModifiedTime":1700370794879}},{"hashValue":"1b3cf7695b5db74c68e7640339ff1220","name":"extraIncome.svg","path":"C:\\Users\\26387\\DevEcoStudioProjects\\AccountBook\\entry\\.preview\\default\\intermediates\\res\\default\\resources\\rawfile\\extraIncome.svg","type":"file","isSymbolicLink":false,"fileMetaData":{"size":3042,"lastModifiedTime":1700370600029}},{"hashValue":"cb9d622c28e3b24409ef97268bb8a291","name":"festival.svg","path":"C:\\Users\\26387\\DevEcoStudioProjects\\AccountBook\\entry\\.preview\\default\\intermediates\\res\\default\\resources\\rawfile\\festival.svg","type":"file","isSymbolicLink":false,"fileMetaData":{"size":3517,"lastModifiedTime":1700371195032}},{"hashValue":"10c40073b98858a691800fd637d7b39f","name":"foods.svg","path":"C:\\Users\\26387\\DevEcoStudioProjects\\AccountBook\\entry\\.preview\\default\\intermediates\\res\\default\\resources\\rawfile\\foods.svg","type":"file","isSymbolicLink":false,"fileMetaData":{"size":2648,"lastModifiedTime":1700100229138}},{"hashValue":"6bf492921c0648763b9a8296dc057184","name":"fruit.svg","path":"C:\\Users\\26387\\DevEcoStudioProjects\\AccountBook\\entry\\.preview\\default\\intermediates\\res\\default\\resources\\rawfile\\fruit.svg","type":"file","isSymbolicLink":false,"fileMetaData":{"size":1250,"lastModifiedTime":1700371057792}},{"hashValue":"4ed09871a541f2ed5be0d6760572f9e1","name":"fuel.svg","path":"C:\\Users\\26387\\DevEcoStudioProjects\\AccountBook\\entry\\.preview\\default\\intermediates\\res\\default\\resources\\rawfile\\fuel.svg","type":"file","isSymbolicLink":false,"fileMetaData":{"size":1050,"lastModifiedTime":1700100381488}},{"hashValue":"188733122f19da07c734315a09b04455","name":"games.svg","path":"C:\\Users\\26387\\DevEcoStudioProjects\\AccountBook\\entry\\.preview\\default\\intermediates\\res\\default\\resources\\rawfile\\games.svg","type":"file","isSymbolicLink":false,"fileMetaData":{"size":2190,"lastModifiedTime":1700100474886}},{"hashValue":"3e6cd9fc18e15908892670a4b7d8157f","name":"gift.svg","path":"C:\\Users\\26387\\DevEcoStudioProjects\\AccountBook\\entry\\.preview\\default\\intermediates\\res\\default\\resources\\rawfile\\gift.svg","type":"file","isSymbolicLink":false,"fileMetaData":{"size":2714,"lastModifiedTime":1700371151633}},{"hashValue":"d0aa24499c14704a62355512ac4b158b","name":"graph.jpg","path":"C:\\Users\\26387\\DevEcoStudioProjects\\AccountBook\\entry\\.preview\\default\\intermediates\\res\\default\\resources\\rawfile\\graph.jpg","type":"file","isSymbolicLink":false,"fileMetaData":{"size":3304,"lastModifiedTime":1701605406777}},{"hashValue":"54a4497efb41c7b76f95d639b50ca455","name":"half.png","path":"C:\\Users\\26387\\DevEcoStudioProjects\\AccountBook\\entry\\.preview\\default\\intermediates\\res\\default\\resources\\rawfile\\half.png","type":"file","isSymbolicLink":false,"fileMetaData":{"size":2323,"lastModifiedTime":1697790998000}},{"hashValue":"1d4b72a7082e50000caf4136bd38c799","name":"income.svg","path":"C:\\Users\\26387\\DevEcoStudioProjects\\AccountBook\\entry\\.preview\\default\\intermediates\\res\\default\\resources\\rawfile\\income.svg","type":"file","isSymbolicLink":false,"fileMetaData":{"size":1518,"lastModifiedTime":1700100573156}},{"hashValue":"7a229dcda2f9eafb1c5794f020c5133b","name":"invest.svg","path":"C:\\Users\\26387\\DevEcoStudioProjects\\AccountBook\\entry\\.preview\\default\\intermediates\\res\\default\\resources\\rawfile\\invest.svg","type":"file","isSymbolicLink":false,"fileMetaData":{"size":1929,"lastModifiedTime":1700102806737}},{"hashValue":"abe72e656448e7c4944acc78aff5d5c4","name":"mainPage_addIcon.png","path":"C:\\Users\\26387\\DevEcoStudioProjects\\AccountBook\\entry\\.preview\\default\\intermediates\\res\\default\\resources\\rawfile\\mainPage_addIcon.png","type":"file","isSymbolicLink":false,"fileMetaData":{"size":4973,"lastModifiedTime":1699973427633}},{"hashValue":"e3ba99bd1073e02035b3d79355f182c3","name":"mainPage_addIcon.svg","path":"C:\\Users\\26387\\DevEcoStudioProjects\\AccountBook\\entry\\.preview\\default\\intermediates\\res\\default\\resources\\rawfile\\mainPage_addIcon.svg","type":"file","isSymbolicLink":false,"fileMetaData":{"size":646,"lastModifiedTime":1699972719157}},{"hashValue":"1abb2991c15c5fca05a32ce0df61254b","name":"mainPage_deleteIcon.svg","path":"C:\\Users\\26387\\DevEcoStudioProjects\\AccountBook\\entry\\.preview\\default\\intermediates\\res\\default\\resources\\rawfile\\mainPage_deleteIcon.svg","type":"file","isSymbolicLink":false,"fileMetaData":{"size":834,"lastModifiedTime":1700048411039}},{"hashValue":"4b74d4f985b02edcb8ee1c9fbc887527","name":"mainPage_editAll.png","path":"C:\\Users\\26387\\DevEcoStudioProjects\\AccountBook\\entry\\.preview\\default\\intermediates\\res\\default\\resources\\rawfile\\mainPage_editAll.png","type":"file","isSymbolicLink":false,"fileMetaData":{"size":5125,"lastModifiedTime":1699946265914}},{"hashValue":"921b65297f31eb399ec54cfeffed13d3","name":"mainPage_editAll.svg","path":"C:\\Users\\26387\\DevEcoStudioProjects\\AccountBook\\entry\\.preview\\default\\intermediates\\res\\default\\resources\\rawfile\\mainPage_editAll.svg","type":"file","isSymbolicLink":false,"fileMetaData":{"size":938,"lastModifiedTime":1699945187881}},{"hashValue":"8bff64066457692c5f0637d37a55f5fb","name":"myGraph.png","path":"C:\\Users\\26387\\DevEcoStudioProjects\\AccountBook\\entry\\.preview\\default\\intermediates\\res\\default\\resources\\rawfile\\myGraph.png","type":"file","isSymbolicLink":false,"fileMetaData":{"size":45141,"lastModifiedTime":1701606900122}},{"hashValue":"118869baea053660f91cb96d85be63a2","name":"page_detail.svg","path":"C:\\Users\\26387\\DevEcoStudioProjects\\AccountBook\\entry\\.preview\\default\\intermediates\\res\\default\\resources\\rawfile\\page_detail.svg","type":"file","isSymbolicLink":false,"fileMetaData":{"size":741,"lastModifiedTime":1700301049287}},{"hashValue":"4a35ba345aae5506de7fa928cc3f617d","name":"page_me.svg","path":"C:\\Users\\26387\\DevEcoStudioProjects\\AccountBook\\entry\\.preview\\default\\intermediates\\res\\default\\resources\\rawfile\\page_me.svg","type":"file","isSymbolicLink":false,"fileMetaData":{"size":3805,"lastModifiedTime":1700300996400}},{"hashValue":"ee0dc5bad2aaf9e221407ad0b95b6783","name":"page_sum.svg","path":"C:\\Users\\26387\\DevEcoStudioProjects\\AccountBook\\entry\\.preview\\default\\intermediates\\res\\default\\resources\\rawfile\\page_sum.svg","type":"file","isSymbolicLink":false,"fileMetaData":{"size":525,"lastModifiedTime":1700301086171}},{"hashValue":"3cb66f6dddd9ac452979e34fc5cee5c7","name":"page_tobuy.svg","path":"C:\\Users\\26387\\DevEcoStudioProjects\\AccountBook\\entry\\.preview\\default\\intermediates\\res\\default\\resources\\rawfile\\page_tobuy.svg","type":"file","isSymbolicLink":false,"fileMetaData":{"size":2851,"lastModifiedTime":1700301725085}},{"hashValue":"f7dc02393fb6ea1cafe647691566344d","name":"PE.svg","path":"C:\\Users\\26387\\DevEcoStudioProjects\\AccountBook\\entry\\.preview\\default\\intermediates\\res\\default\\resources\\rawfile\\PE.svg","type":"file","isSymbolicLink":false,"fileMetaData":{"size":2085,"lastModifiedTime":1700371006983}},{"hashValue":"816458fa442c8b139dae9455678ad272","name":"pets.svg","path":"C:\\Users\\26387\\DevEcoStudioProjects\\AccountBook\\entry\\.preview\\default\\intermediates\\res\\default\\resources\\rawfile\\pets.svg","type":"file","isSymbolicLink":false,"fileMetaData":{"size":2023,"lastModifiedTime":1700100495037}},{"hashValue":"976e41f1e396f6d3441bb85ecad3d51d","name":"snacks.svg","path":"C:\\Users\\26387\\DevEcoStudioProjects\\AccountBook\\entry\\.preview\\default\\intermediates\\res\\default\\resources\\rawfile\\snacks.svg","type":"file","isSymbolicLink":false,"fileMetaData":{"size":6539,"lastModifiedTime":1700100349739}},{"hashValue":"35a14bebd16554102378b07bb1b74b47","name":"sneaker.svg","path":"C:\\Users\\26387\\DevEcoStudioProjects\\AccountBook\\entry\\.preview\\default\\intermediates\\res\\default\\resources\\rawfile\\sneaker.svg","type":"file","isSymbolicLink":false,"fileMetaData":{"size":1645,"lastModifiedTime":1700371130368}},{"hashValue":"63c6bff40a65f933a4ad8e782f0708cf","name":"social.svg","path":"C:\\Users\\26387\\DevEcoStudioProjects\\AccountBook\\entry\\.preview\\default\\intermediates\\res\\default\\resources\\rawfile\\social.svg","type":"file","isSymbolicLink":false,"fileMetaData":{"size":2422,"lastModifiedTime":1700370910750}},{"hashValue":"47e3d1b7feb58efe802672796379a5d2","name":"toBuyPage_jingdong.svg","path":"C:\\Users\\26387\\DevEcoStudioProjects\\AccountBook\\entry\\.preview\\default\\intermediates\\res\\default\\resources\\rawfile\\toBuyPage_jingdong.svg","type":"file","isSymbolicLink":false,"fileMetaData":{"size":1071,"lastModifiedTime":1700468334303}},{"hashValue":"85a5ea2f44ac898f782efd06eaed11d9","name":"toBuyPage_taoBao.svg","path":"C:\\Users\\26387\\DevEcoStudioProjects\\AccountBook\\entry\\.preview\\default\\intermediates\\res\\default\\resources\\rawfile\\toBuyPage_taoBao.svg","type":"file","isSymbolicLink":false,"fileMetaData":{"size":4958,"lastModifiedTime":1700448836723}},{"hashValue":"7fba253eb3cd49cbf8ec3ce80fc5433d","name":"travel.svg","path":"C:\\Users\\26387\\DevEcoStudioProjects\\AccountBook\\entry\\.preview\\default\\intermediates\\res\\default\\resources\\rawfile\\travel.svg","type":"file","isSymbolicLink":false,"fileMetaData":{"size":1520,"lastModifiedTime":1700100460204}},{"hashValue":"f4d86fd104fd153161f7fc40e92b593c","name":"workout.svg","path":"C:\\Users\\26387\\DevEcoStudioProjects\\AccountBook\\entry\\.preview\\default\\intermediates\\res\\default\\resources\\rawfile\\workout.svg","type":"file","isSymbolicLink":false,"fileMetaData":{"size":3629,"lastModifiedTime":1700371017381}}]}]},{"hashValue":"a3944d8aac2ce61b48a430017754e8c6","name":"resources.index","path":"C:\\Users\\26387\\DevEcoStudioProjects\\AccountBook\\entry\\.preview\\default\\intermediates\\res\\default\\resources.index","type":"file","isSymbolicLink":false,"fileMetaData":{"size":3323,"lastModifiedTime":1701606948364}},{"hashValue":"16f8d8643eef9d9453ad8c16423b1901","name":"ResourceTable.txt","path":"C:\\Users\\26387\\DevEcoStudioProjects\\AccountBook\\entry\\.preview\\default\\intermediates\\res\\default\\ResourceTable.txt","type":"file","isSymbolicLink":false,"fileMetaData":{"size":1603,"lastModifiedTime":1701606948366}}]},"C:\\Users\\26387\\DevEcoStudioProjects\\AccountBook\\entry\\.preview\\default\\generated\\r\\default\\ResourceTable.h":{"hashValue":"0f5db73dbe4cc05cffa259cdbbde9ef8","name":"ResourceTable.h","path":"C:\\Users\\26387\\DevEcoStudioProjects\\AccountBook\\entry\\.preview\\default\\generated\\r\\default\\ResourceTable.h","type":"file","isSymbolicLink":false,"fileMetaData":{"size":3193,"lastModifiedTime":1701606948366}},"C:\\Users\\26387\\DevEcoStudioProjects\\AccountBook\\entry\\.preview\\default\\generated\\r\\default":{"hashValue":"70fee93dc56446e92523e2127181e96b","name":"default","path":"C:\\Users\\26387\\DevEcoStudioProjects\\AccountBook\\entry\\.preview\\default\\generated\\r\\default","type":"directory","isSymbolicLink":false,"children":[{"hashValue":"0f5db73dbe4cc05cffa259cdbbde9ef8","name":"ResourceTable.h","path":"C:\\Users\\26387\\DevEcoStudioProjects\\AccountBook\\entry\\.preview\\default\\generated\\r\\default\\ResourceTable.h","type":"file","isSymbolicLink":false,"fileMetaData":{"size":3193,"lastModifiedTime":1701606948366}}]},"C:\\Users\\26387\\DevEcoStudioProjects\\AccountBook\\entry\\.preview\\config\\buildConfig.json":{"hashValue":"944ccba94976cadc71a229859c7e9bbf","name":"buildConfig.json","path":"C:\\Users\\26387\\DevEcoStudioProjects\\AccountBook\\entry\\.preview\\config\\buildConfig.json","type":"file","isSymbolicLink":false,"fileMetaData":{"size":2041,"lastModifiedTime":1701606947680}},"C:\\Users\\26387\\DevEcoStudioProjects\\AccountBook\\entry\\.preview\\default\\intermediates\\res\\default\\module.json":{"hashValue":"4953003fdb0d7cc440bbfe7bfb323454","name":"module.json","path":"C:\\Users\\26387\\DevEcoStudioProjects\\AccountBook\\entry\\.preview\\default\\intermediates\\res\\default\\module.json","type":"file","isSymbolicLink":false,"fileMetaData":{"size":2404,"lastModifiedTime":1701606948366}},"C:\\Users\\26387\\DevEcoStudioProjects\\AccountBook\\entry\\.preview\\default\\intermediates\\res\\default\\resources\\base\\profile\\main_pages.json":{"hashValue":"575ff1baafb5bd2f70a45459796e2ac0","name":"main_pages.json","path":"C:\\Users\\26387\\DevEcoStudioProjects\\AccountBook\\entry\\.preview\\default\\intermediates\\res\\default\\resources\\base\\profile\\main_pages.json","type":"file","isSymbolicLink":false,"fileMetaData":{"size":109,"lastModifiedTime":1701606951609}},"C:\\Users\\26387\\DevEcoStudioProjects\\AccountBook\\entry\\.preview\\default\\intermediates\\loader\\default":{"hashValue":"bddd9e55fc860dbcf148e394bbe6e73b","name":"default","path":"C:\\Users\\26387\\DevEcoStudioProjects\\AccountBook\\entry\\.preview\\default\\intermediates\\loader\\default","type":"directory","isSymbolicLink":false,"children":[{"hashValue":"f99edbf2350ae515f7267af99bf64090","name":"loader.json","path":"C:\\Users\\26387\\DevEcoStudioProjects\\AccountBook\\entry\\.preview\\default\\intermediates\\loader\\default\\loader.json","type":"file","isSymbolicLink":false,"fileMetaData":{"size":402,"lastModifiedTime":1701605887679}}]},"C:\\Users\\26387\\DevEcoStudioProjects\\AccountBook\\entry\\.preview\\default\\intermediates\\res\\default\\ResourceTable.txt":{"hashValue":"16f8d8643eef9d9453ad8c16423b1901","name":"ResourceTable.txt","path":"C:\\Users\\26387\\DevEcoStudioProjects\\AccountBook\\entry\\.preview\\default\\intermediates\\res\\default\\ResourceTable.txt","type":"file","isSymbolicLink":false,"fileMetaData":{"size":1603,"lastModifiedTime":1701606948366}},"C:\\Users\\26387\\DevEcoStudioProjects\\AccountBook\\entry\\.preview\\default\\intermediates\\res\\default\\resources\\base\\profile":{"hashValue":"fc29d044b1eeff0788089b0ef572257f","name":"profile","path":"C:\\Users\\26387\\DevEcoStudioProjects\\AccountBook\\entry\\.preview\\default\\intermediates\\res\\default\\resources\\base\\profile","type":"directory","isSymbolicLink":false,"children":[{"hashValue":"575ff1baafb5bd2f70a45459796e2ac0","name":"main_pages.json","path":"C:\\Users\\26387\\DevEcoStudioProjects\\AccountBook\\entry\\.preview\\default\\intermediates\\res\\default\\resources\\base\\profile\\main_pages.json","type":"file","isSymbolicLink":false,"fileMetaData":{"size":109,"lastModifiedTime":1701606951609}}]},"C:\\Users\\26387\\DevEcoStudioProjects\\AccountBook\\entry\\build\\default\\outputs\\default\\entry-default-signed.hap":{"hashValue":"ddfaff555c2c0478a549860a0faa4fe6","name":"entry-default-signed.hap","path":"C:\\Users\\26387\\DevEcoStudioProjects\\AccountBook\\entry\\build\\default\\outputs\\default\\entry-default-signed.hap","type":"file","isSymbolicLink":false,"fileMetaData":{"size":1333986,"lastModifiedTime":1703148071118}},"C:\\Users\\26387\\DevEcoStudioProjects\\AccountBook\\build\\outputs\\default\\pack.info":{"hashValue":"674432a58e1de630e6c3ecdf1131ece1","name":"pack.info","path":"C:\\Users\\26387\\DevEcoStudioProjects\\AccountBook\\build\\outputs\\default\\pack.info","type":"file","isSymbolicLink":false,"fileMetaData":{"size":779,"lastModifiedTime":1700464817909}},"C:\\Users\\26387\\DevEcoStudioProjects\\AccountBook\\build\\outputs\\default\\AccountBook-default-unsigned.app":{"hashValue":"3b0a3ac4334c07a0fe1aa8511b8b89a0","name":"AccountBook-default-unsigned.app","path":"C:\\Users\\26387\\DevEcoStudioProjects\\AccountBook\\build\\outputs\\default\\AccountBook-default-unsigned.app","type":"file","isSymbolicLink":false,"fileMetaData":{"size":253913,"lastModifiedTime":1700464818203}},"C:\\Users\\26387\\DevEcoStudioProjects\\AccountBook\\entry\\build\\default\\outputs\\default\\app\\entry-default.hap":{"hashValue":"7f47ea266b991375f5a6f6bb330eb8b5","name":"entry-default.hap","path":"C:\\Users\\26387\\DevEcoStudioProjects\\AccountBook\\entry\\build\\default\\outputs\\default\\app\\entry-default.hap","type":"file","isSymbolicLink":false,"fileMetaData":{"size":252774,"lastModifiedTime":1700464817913}},"C:\\Users\\26387\\.ohos\\config\\auto_debug_AccountBook_com.example.accountbook_30086000593547374.cer":{"hashValue":"808f07f079c78f8eb5dd89da4ef91c53","name":"auto_debug_AccountBook_com.example.accountbook_30086000593547374.cer","path":"C:\\Users\\26387\\.ohos\\config\\auto_debug_AccountBook_com.example.accountbook_30086000593547374.cer","type":"file","isSymbolicLink":false,"fileMetaData":{"size":2906,"lastModifiedTime":1700465272304}},"C:\\Users\\26387\\.ohos\\config\\auto_debug_AccountBook_com.example.accountbook_30086000593547374.p7b":{"hashValue":"7e60acf9418e8740133f81df3d041cbd","name":"auto_debug_AccountBook_com.example.accountbook_30086000593547374.p7b","path":"C:\\Users\\26387\\.ohos\\config\\auto_debug_AccountBook_com.example.accountbook_30086000593547374.p7b","type":"file","isSymbolicLink":false,"fileMetaData":{"size":4043,"lastModifiedTime":1700465273795}},"C:\\Users\\26387\\.ohos\\config\\auto_debug_AccountBook_com.example.accountbook_30086000593547374.p12":{"hashValue":"0b664107877357415c18fdfb0f8c2d0d","name":"auto_debug_AccountBook_com.example.accountbook_30086000593547374.p12","path":"C:\\Users\\26387\\.ohos\\config\\auto_debug_AccountBook_com.example.accountbook_30086000593547374.p12","type":"file","isSymbolicLink":false,"fileMetaData":{"size":1128,"lastModifiedTime":1700465270548}},"C:\\Users\\26387\\DevEcoStudioProjects\\AccountBook\\entry\\build\\default\\intermediates\\loader_out\\default\\js":{"hashValue":"","name":"emptyroot","path":"","type":"unknown","isSymbolicLink":false,"children":[]}}