{":AccountBook:entry:default@PreBuild":{"_inputs":[{"dataType":"ValueEntry","value":"{\"_name\":\"BUILTIN_TASK_COMMAND\",\"_value\":\"\",\"_valueType\":\"string\",\"_hash\":\"0b5d05294fdf4e78e8482ef53eb64ac0\"}"},{"dataType":"ValueEntry","value":"{\"_name\":\"BUILTIN_TASK_ENV\",\"_value\":\"\",\"_valueType\":\"string\",\"_hash\":\"cdcdc2ec8062ca9ec1de46dbf2bbc053\"}"},{"dataType":"ValueEntry","value":"{\"_name\":\"BUILTIN_TASK_TOOLCHAIN\",\"_value\":\"\",\"_valueType\":\"string\",\"_hash\":\"e7f94a9422a8bc317a7d90b58efcb5f6\"}"},{"dataType":"ValueEntry","value":"{\"_name\":\"apiType\",\"_value\":\"stageMode\",\"_valueType\":\"string\",\"_hash\":\"699c7565645ea3ea8c88551a4926a3d5\"}"},{"dataType":"ValueEntry","value":"{\"_name\":\"codeType\",\"_value\":true,\"_valueType\":\"boolean\",\"_hash\":\"d6dcf21a9f078b661283507536e57ce8\"}"},{"dataType":"ValueEntry","value":"{\"_name\":\"compatibleApiVersion\",\"_value\":9,\"_valueType\":\"number\",\"_hash\":\"8f14da7cda665d5f6676adf8a127634f\"}"},{"dataType":"ValueEntry","value":"{\"_name\":\"compileApiVersion\",\"_value\":9,\"_valueType\":\"number\",\"_hash\":\"cdd5413832c7470f85f225c67a87a683\"}"},{"dataType":"ValueEntry","value":"{\"_name\":\"deviceType\",\"_value\":[\"phone\",\"tablet\"],\"_valueType\":\"object\",\"_hash\":\"6b8c09abb74b3d778d7ce1bc1efb26ef\"}"},{"dataType":"ValueEntry","value":"{\"_name\":\"isSupportOhpmProj\",\"_value\":true,\"_valueType\":\"boolean\",\"_hash\":\"f3a249d7e3f751316e931b8a08b074b4\"}"},{"dataType":"ValueEntry","value":"{\"_name\":\"profileModuleName\",\"_value\":\"entry\",\"_valueType\":\"string\",\"_hash\":\"b174ea6ff5824844dde5ad92f6b3ef2b\"}"},{"dataType":"ValueEntry","value":"{\"_name\":\"sdkToolchainsComponentVersion\",\"_value\":\"3.2.12.5\",\"_valueType\":\"string\",\"_hash\":\"cc722e03b3384cc9b37c649e4134fc99\"}"},{"dataType":"ValueEntry","value":"{\"_name\":\"targetStatusCode\",\"_value\":2,\"_valueType\":\"number\",\"_hash\":\"5a9255c0f4ee50904a9349ebafca8369\"}"}],"_successful":true,"_projectName":"AccountBook","_moduleName":"entry","_taskName":"default@PreBuild","_key":":AccountBook:entry:default@PreBuild","_executionId":":AccountBook:entry:default@PreBuild:1700466148235","_inputFiles":{"dataType":"Map","value":[["C:\\Users\\26387\\DevEcoStudioProjects\\AccountBook\\AppScope\\app.json5",{"isDirectory":false,"fileSnapShotHashValue":"e1f598cdf65a6040afdbd5cd11c8c70a"}],["C:\\Users\\26387\\DevEcoStudioProjects\\AccountBook\\entry\\src\\main\\module.json5",{"isDirectory":false,"fileSnapShotHashValue":"f7ace9297bd657a867ef8202d0f5a5a3"}]]},"_outputFiles":{"dataType":"Map","value":[]}},":AccountBook:entry:default@GenerateMetadata":{"_inputs":[{"dataType":"ValueEntry","value":"{\"_name\":\"BUILTIN_TASK_COMMAND\",\"_value\":\"\",\"_valueType\":\"string\",\"_hash\":\"0b5d05294fdf4e78e8482ef53eb64ac0\"}"},{"dataType":"ValueEntry","value":"{\"_name\":\"BUILTIN_TASK_ENV\",\"_value\":\"\",\"_valueType\":\"string\",\"_hash\":\"cdcdc2ec8062ca9ec1de46dbf2bbc053\"}"},{"dataType":"ValueEntry","value":"{\"_name\":\"BUILTIN_TASK_TOOLCHAIN\",\"_value\":\"\",\"_valueType\":\"string\",\"_hash\":\"e7f94a9422a8bc317a7d90b58efcb5f6\"}"},{"dataType":"ValueEntry","value":"{\"_name\":\"entryModules\",\"_value\":[],\"_valueType\":\"object\",\"_hash\":\"aea18c73616ef065de1f5734ffcfeacd\"}"},{"dataType":"ValueEntry","value":"{\"_name\":\"existMaterial\",\"_value\":true,\"_valueType\":\"boolean\",\"_hash\":\"93dc57ba6785b4754ab913cd6a94a2d4\"}"},{"dataType":"ValueEntry","value":"{\"_name\":\"existSigningConfig\",\"_value\":true,\"_valueType\":\"boolean\",\"_hash\":\"0a625026bbf59499155e2fd8a2f97c6e\"}"},{"dataType":"ValueEntry","value":"{\"_name\":\"moduleDeviceType\",\"_value\":[\"phone\",\"tablet\"],\"_valueType\":\"object\",\"_hash\":\"813bc33f3fdde783add9cb9f328a5b28\"}"},{"dataType":"ValueEntry","value":"{\"_name\":\"product\",\"_value\":\"default\",\"_valueType\":\"string\",\"_hash\":\"c78efd675257060e500cc4a185c4a166\"}"},{"dataType":"ValueEntry","value":"{\"_name\":\"sdkToolchainsComponentVersion\",\"_value\":\"3.2.12.5\",\"_valueType\":\"string\",\"_hash\":\"cc722e03b3384cc9b37c649e4134fc99\"}"},{"dataType":"ValueEntry","value":"{\"_name\":\"signingConfig_keyAlias\",\"_value\":\"debugKey\",\"_valueType\":\"string\",\"_hash\":\"4c07b0ee3239f12b1e68b46f50f552cb\"}"},{"dataType":"ValueEntry","value":"{\"_name\":\"signingConfig_keyPassword\",\"_value\":\"0000001B1BFB83A0C9F72B5AE5ED8A6979514ED7D13C94EE76D8735D33EA092DD4ABF13447E9EDE036603A\",\"_valueType\":\"string\",\"_hash\":\"dd6cde4b46cfbf737e171624dc56bd08\"}"},{"dataType":"ValueEntry","value":"{\"_name\":\"signingConfig_name\",\"_value\":\"default\",\"_valueType\":\"string\",\"_hash\":\"8b60e376556ce51d68b5485c5f79822c\"}"},{"dataType":"ValueEntry","value":"{\"_name\":\"signingConfig_signAlg\",\"_value\":\"SHA256withECDSA\",\"_valueType\":\"string\",\"_hash\":\"6914b6129327418a0e5596a96e0d04c2\"}"},{"dataType":"ValueEntry","value":"{\"_name\":\"signingConfig_storePassword\",\"_value\":\"0000001BB50B72F0DC83279D4C216BF600D94C4F770EFBB7D2DB8DA70F107A9E523851154374A56D355049\",\"_valueType\":\"string\",\"_hash\":\"d2f0600222de57fa3c56d4f99c82be63\"}"},{"dataType":"ValueEntry","value":"{\"_name\":\"signingConfig_type\",\"_value\":\"HarmonyOS\",\"_valueType\":\"string\",\"_hash\":\"7d6077786f4ba499719f9cf052004f2a\"}"},{"dataType":"ValueEntry","value":"{\"_name\":\"targetConfig\",\"_value\":\"{\\\"name\\\":\\\"default\\\",\\\"runtimeOS\\\":\\\"HarmonyOS\\\"}\",\"_valueType\":\"string\",\"_hash\":\"96bcd83382fb082c731eedf7bc0cf1dc\"}"}],"_successful":true,"_projectName":"AccountBook","_moduleName":"entry","_taskName":"default@GenerateMetadata","_key":":AccountBook:entry:default@GenerateMetadata","_executionId":":AccountBook:entry:default@GenerateMetadata:1700466148241","_inputFiles":{"dataType":"Map","value":[["C:\\Users\\26387\\DevEcoStudioProjects\\AccountBook\\entry\\src\\main\\module.json5",{"fileSnapShotHashValue":"f7ace9297bd657a867ef8202d0f5a5a3"}]]},"_outputFiles":{"dataType":"Map","value":[["C:\\Users\\26387\\DevEcoStudioProjects\\AccountBook\\entry\\build\\default\\intermediates\\hap_metadata\\default\\output_metadata.json",{"fileSnapShotHashValue":"edf5925d0ed1ed7013784aabb81af84f"}]]}},":AccountBook:entry:default@MergeProfile":{"_inputs":[{"dataType":"ValueEntry","value":"{\"_name\":\"BUILTIN_TASK_COMMAND\",\"_value\":\"\",\"_valueType\":\"string\",\"_hash\":\"0b5d05294fdf4e78e8482ef53eb64ac0\"}"},{"dataType":"ValueEntry","value":"{\"_name\":\"BUILTIN_TASK_ENV\",\"_value\":\"\",\"_valueType\":\"string\",\"_hash\":\"cdcdc2ec8062ca9ec1de46dbf2bbc053\"}"},{"dataType":"ValueEntry","value":"{\"_name\":\"BUILTIN_TASK_TOOLCHAIN\",\"_value\":\"\",\"_valueType\":\"string\",\"_hash\":\"e7f94a9422a8bc317a7d90b58efcb5f6\"}"},{"dataType":"ValueEntry","value":"{\"_name\":\"asanEnable\",\"_value\":false,\"_valueType\":\"boolean\",\"_hash\":\"bc2129ba20a21b7e5234139ede1b4d7b\"}"},{"dataType":"ValueEntry","value":"{\"_name\":\"buildRoot\",\"_value\":\"build\",\"_valueType\":\"string\",\"_hash\":\"4c2dd7bb7507f74001ec27f2936db7f9\"}"},{"dataType":"ValueEntry","value":"{\"_name\":\"compatibleSdkVersion\",\"_value\":9,\"_valueType\":\"number\",\"_hash\":\"789a8631987a2e2b1a03b001c78d0180\"}"},{"dataType":"ValueEntry","value":"{\"_name\":\"isDebug\",\"_value\":true,\"_valueType\":\"boolean\",\"_hash\":\"edbf05a2d2be2c385e75d9565a48d419\"}"},{"dataType":"ValueEntry","value":"{\"_name\":\"isHarModule\",\"_value\":false,\"_valueType\":\"boolean\",\"_hash\":\"a15b7a3ed818faa99a4a10d67f52cb72\"}"},{"dataType":"ValueEntry","value":"{\"_name\":\"multiProjects\",\"_value\":false,\"_valueType\":\"boolean\",\"_hash\":\"555604752defc243b4e4c55d1549fc06\"}"},{"dataType":"ValueEntry","value":"{\"_name\":\"releaseType\",\"_value\":\"Release\",\"_valueType\":\"string\",\"_hash\":\"bbcabdda034e97584f8c36f85b3ec517\"}"},{"dataType":"ValueEntry","value":"{\"_name\":\"targetSdkVersion\",\"_value\":9,\"_valueType\":\"number\",\"_hash\":\"09b2bdc967d8b97f7b9bf4f19735497e\"}"}],"_successful":true,"_projectName":"AccountBook","_moduleName":"entry","_taskName":"default@MergeProfile","_key":":AccountBook:entry:default@MergeProfile","_executionId":":AccountBook:entry:default@MergeProfile:1701607008399","_inputFiles":{"dataType":"Map","value":[["C:\\Users\\26387\\DevEcoStudioProjects\\AccountBook\\AppScope\\app.json5",{"fileSnapShotHashValue":"e1f598cdf65a6040afdbd5cd11c8c70a"}],["C:\\Users\\26387\\DevEcoStudioProjects\\AccountBook\\entry\\src\\main\\module.json5",{"fileSnapShotHashValue":"f7ace9297bd657a867ef8202d0f5a5a3"}]]},"_outputFiles":{"dataType":"Map","value":[["C:\\Users\\26387\\DevEcoStudioProjects\\AccountBook\\entry\\build\\default\\intermediates\\merge_profile\\default\\module.json",{"fileSnapShotHashValue":"de4caba3ee328af26bc99244565eece3"}]]}},":AccountBook:entry:default@GenerateLoaderJson":{"_inputs":[{"dataType":"ValueEntry","value":"{\"_name\":\"BUILTIN_TASK_COMMAND\",\"_value\":\"\",\"_valueType\":\"string\",\"_hash\":\"0b5d05294fdf4e78e8482ef53eb64ac0\"}"},{"dataType":"ValueEntry","value":"{\"_name\":\"BUILTIN_TASK_ENV\",\"_value\":\"\",\"_valueType\":\"string\",\"_hash\":\"cdcdc2ec8062ca9ec1de46dbf2bbc053\"}"},{"dataType":"ValueEntry","value":"{\"_name\":\"BUILTIN_TASK_TOOLCHAIN\",\"_value\":\"\",\"_valueType\":\"string\",\"_hash\":\"e7f94a9422a8bc317a7d90b58efcb5f6\"}"},{"dataType":"ValueEntry","value":"{\"_name\":\"aotCompileMode\",\"_value\":\"\",\"_valueType\":\"string\",\"_hash\":\"31b66e9c596cc61cb06cdecc08aaeb6c\"}"},{"dataType":"ValueEntry","value":"{\"_name\":\"apPath\",\"_value\":\"\",\"_valueType\":\"string\",\"_hash\":\"dabe59b8be9f1396c43dc319521a0027\"}"},{"dataType":"ValueEntry","value":"{\"_name\":\"compileMode\",\"_value\":\"esmodule\",\"_valueType\":\"string\",\"_hash\":\"dacafc8e0b77a950178a0b4d142dc32c\"}"},{"dataType":"ValueEntry","value":"{\"_name\":\"harNameOhmMap\",\"_value\":\"{}\",\"_valueType\":\"string\",\"_hash\":\"0faf006bccbcdc2c7f04ff2d8c87894f\"}"},{"dataType":"ValueEntry","value":"{\"_name\":\"modulePathMap\",\"_value\":\"{\\\"entry\\\":\\\"C:\\\\\\\\Users\\\\\\\\26387\\\\\\\\DevEcoStudioProjects\\\\\\\\AccountBook\\\\\\\\entry\\\"}\",\"_valueType\":\"string\",\"_hash\":\"905d27e174960bed47f40a4c17a8537a\"}"},{"dataType":"ValueEntry","value":"{\"_name\":\"nodeModulesPath\",\"_value\":\"C:\\\\Users\\\\26387\\\\DevEcoStudioProjects\\\\AccountBook\\\\entry\\\\build\\\\default\\\\intermediates\\\\loader_out\\\\default\\\\node_modules\",\"_valueType\":\"string\",\"_hash\":\"7858012fdf00a1d658527a86168d854c\"}"},{"dataType":"ValueEntry","value":"{\"_name\":\"projectRootPath\",\"_value\":\"C:\\\\Users\\\\26387\\\\DevEcoStudioProjects\\\\AccountBook\",\"_valueType\":\"string\",\"_hash\":\"599cba185e6ff992352b4ef82fee36f3\"}"},{"dataType":"ValueEntry","value":"{\"_name\":\"targetConfig\",\"_value\":\"{\\\"name\\\":\\\"default\\\",\\\"runtimeOS\\\":\\\"HarmonyOS\\\"}\",\"_valueType\":\"string\",\"_hash\":\"96bcd83382fb082c731eedf7bc0cf1dc\"}"}],"_successful":true,"_projectName":"AccountBook","_moduleName":"entry","_taskName":"default@GenerateLoaderJson","_key":":AccountBook:entry:default@GenerateLoaderJson","_executionId":":AccountBook:entry:default@GenerateLoaderJson:1701607008408","_inputFiles":{"dataType":"Map","value":[]},"_outputFiles":{"dataType":"Map","value":[["C:\\Users\\26387\\DevEcoStudioProjects\\AccountBook\\entry\\build\\default\\intermediates\\loader\\default\\loader.json",{"isDirectory":false,"fileSnapShotHashValue":"3c5bbb695b6dd9869d74d5850bd2f448"}]]}},":AccountBook:entry:default@MakePackInfo":{"_inputs":[{"dataType":"ValueEntry","value":"{\"_name\":\"BUILTIN_TASK_COMMAND\",\"_value\":\"\",\"_valueType\":\"string\",\"_hash\":\"0b5d05294fdf4e78e8482ef53eb64ac0\"}"},{"dataType":"ValueEntry","value":"{\"_name\":\"BUILTIN_TASK_ENV\",\"_value\":\"\",\"_valueType\":\"string\",\"_hash\":\"cdcdc2ec8062ca9ec1de46dbf2bbc053\"}"},{"dataType":"ValueEntry","value":"{\"_name\":\"BUILTIN_TASK_TOOLCHAIN\",\"_value\":\"\",\"_valueType\":\"string\",\"_hash\":\"e7f94a9422a8bc317a7d90b58efcb5f6\"}"},{"dataType":"ValueEntry","value":"{\"_name\":\"compatibleSdkVersion\",\"_value\":9,\"_valueType\":\"number\",\"_hash\":\"789a8631987a2e2b1a03b001c78d0180\"}"},{"dataType":"ValueEntry","value":"{\"_name\":\"compileSdkVersion\",\"_value\":9,\"_valueType\":\"number\",\"_hash\":\"3d4d5df63426ff238569b8e54a6b76e3\"}"},{"dataType":"ValueEntry","value":"{\"_name\":\"deviceTypes\",\"_value\":[\"phone\",\"tablet\"],\"_valueType\":\"object\",\"_hash\":\"c166d88837153e59136adb6a4b649962\"}"},{"dataType":"ValueEntry","value":"{\"_name\":\"releaseType\",\"_value\":\"Release\",\"_valueType\":\"string\",\"_hash\":\"bbcabdda034e97584f8c36f85b3ec517\"}"}],"_successful":true,"_projectName":"AccountBook","_moduleName":"entry","_taskName":"default@MakePackInfo","_key":":AccountBook:entry:default@MakePackInfo","_executionId":":AccountBook:entry:default@MakePackInfo:1700466148252","_inputFiles":{"dataType":"Map","value":[["C:\\Users\\26387\\DevEcoStudioProjects\\AccountBook\\AppScope\\app.json5",{"fileSnapShotHashValue":"e1f598cdf65a6040afdbd5cd11c8c70a"}],["C:\\Users\\26387\\DevEcoStudioProjects\\AccountBook\\entry\\src\\main\\module.json5",{"fileSnapShotHashValue":"f7ace9297bd657a867ef8202d0f5a5a3"}]]},"_outputFiles":{"dataType":"Map","value":[["C:\\Users\\26387\\DevEcoStudioProjects\\AccountBook\\entry\\build\\default\\outputs\\default\\pack.info",{"fileSnapShotHashValue":"3b961b29da73201b4bfd0198014658bf"}]]}},":AccountBook:entry:default@ProcessProfile":{"_inputs":[{"dataType":"ValueEntry","value":"{\"_name\":\"BUILTIN_TASK_COMMAND\",\"_value\":\"\",\"_valueType\":\"string\",\"_hash\":\"0b5d05294fdf4e78e8482ef53eb64ac0\"}"},{"dataType":"ValueEntry","value":"{\"_name\":\"BUILTIN_TASK_ENV\",\"_value\":\"\",\"_valueType\":\"string\",\"_hash\":\"cdcdc2ec8062ca9ec1de46dbf2bbc053\"}"},{"dataType":"ValueEntry","value":"{\"_name\":\"BUILTIN_TASK_TOOLCHAIN\",\"_value\":\"\",\"_valueType\":\"string\",\"_hash\":\"e7f94a9422a8bc317a7d90b58efcb5f6\"}"},{"dataType":"ValueEntry","value":"{\"_name\":\"arkEnable\",\"_value\":true,\"_valueType\":\"boolean\",\"_hash\":\"750b4bda198545a67903dfb3f6a00a95\"}"},{"dataType":"ValueEntry","value":"{\"_name\":\"compileMode\",\"_value\":\"esmodule\",\"_valueType\":\"string\",\"_hash\":\"dacafc8e0b77a950178a0b4d142dc32c\"}"},{"dataType":"ValueEntry","value":"{\"_name\":\"dependency\",\"_value\":\"[]\",\"_valueType\":\"string\",\"_hash\":\"ac54f3d4ced2d4c1d666d40e4f7c454a\"}"},{"dataType":"ValueEntry","value":"{\"_name\":\"deviceTypes\",\"_value\":[\"phone\",\"tablet\"],\"_valueType\":\"object\",\"_hash\":\"c166d88837153e59136adb6a4b649962\"}"}],"_successful":true,"_projectName":"AccountBook","_moduleName":"entry","_taskName":"default@ProcessProfile","_key":":AccountBook:entry:default@ProcessProfile","_executionId":":AccountBook:entry:default@ProcessProfile:1701607008419","_inputFiles":{"dataType":"Map","value":[["C:\\Users\\26387\\DevEcoStudioProjects\\AccountBook\\entry\\build\\default\\intermediates\\merge_profile\\default\\module.json",{"fileSnapShotHashValue":"de4caba3ee328af26bc99244565eece3"}]]},"_outputFiles":{"dataType":"Map","value":[["C:\\Users\\26387\\DevEcoStudioProjects\\AccountBook\\entry\\build\\default\\intermediates\\process_profile\\default\\module.json",{"fileSnapShotHashValue":"b80285343b3a84642b947f86a0f80e35"}]]}},":AccountBook:entry:default@ProcessResource":{"_inputs":[{"dataType":"ValueEntry","value":"{\"_name\":\"BUILTIN_TASK_COMMAND\",\"_value\":\"\",\"_valueType\":\"string\",\"_hash\":\"0b5d05294fdf4e78e8482ef53eb64ac0\"}"},{"dataType":"ValueEntry","value":"{\"_name\":\"BUILTIN_TASK_ENV\",\"_value\":\"\",\"_valueType\":\"string\",\"_hash\":\"cdcdc2ec8062ca9ec1de46dbf2bbc053\"}"},{"dataType":"ValueEntry","value":"{\"_name\":\"BUILTIN_TASK_TOOLCHAIN\",\"_value\":\"\",\"_valueType\":\"string\",\"_hash\":\"e7f94a9422a8bc317a7d90b58efcb5f6\"}"},{"dataType":"ValueEntry","value":"{\"_name\":\"resConfigJsonContent\",\"_value\":\"{\\\"configPath\\\":\\\"C:\\\\\\\\Users\\\\\\\\26387\\\\\\\\DevEcoStudioProjects\\\\\\\\AccountBook\\\\\\\\entry\\\\\\\\build\\\\\\\\default\\\\\\\\intermediates\\\\\\\\process_profile\\\\\\\\default\\\\\\\\module.json\\\",\\\"packageName\\\":\\\"com.example.accountbook\\\",\\\"output\\\":\\\"C:\\\\\\\\Users\\\\\\\\26387\\\\\\\\DevEcoStudioProjects\\\\\\\\AccountBook\\\\\\\\entry\\\\\\\\build\\\\\\\\default\\\\\\\\intermediates\\\\\\\\res\\\\\\\\default\\\",\\\"moduleNames\\\":\\\"entry\\\",\\\"ResourceTable\\\":[\\\"C:\\\\\\\\Users\\\\\\\\26387\\\\\\\\DevEcoStudioProjects\\\\\\\\AccountBook\\\\\\\\entry\\\\\\\\build\\\\\\\\default\\\\\\\\generated\\\\\\\\r\\\\\\\\default\\\\\\\\ResourceTable.h\\\"],\\\"applicationResource\\\":\\\"C:\\\\\\\\Users\\\\\\\\26387\\\\\\\\DevEcoStudioProjects\\\\\\\\AccountBook\\\\\\\\AppScope\\\\\\\\resources\\\",\\\"moduleResources\\\":[\\\"C:\\\\\\\\Users\\\\\\\\26387\\\\\\\\DevEcoStudioProjects\\\\\\\\AccountBook\\\\\\\\entry\\\\\\\\src\\\\\\\\main\\\\\\\\resources\\\"],\\\"dependencies\\\":[]}\",\"_valueType\":\"string\",\"_hash\":\"92e14eb0395549ca29e0678a4e9ee34c\"}"}],"_successful":true,"_projectName":"AccountBook","_moduleName":"entry","_taskName":"default@ProcessResource","_key":":AccountBook:entry:default@ProcessResource","_executionId":":AccountBook:entry:default@ProcessResource:1699275332295","_inputFiles":{"dataType":"Map","value":[]},"_outputFiles":{"dataType":"Map","value":[["C:\\Users\\26387\\DevEcoStudioProjects\\AccountBook\\entry\\build\\default\\intermediates\\res\\default\\resConfig.json",{"isDirectory":false,"fileSnapShotHashValue":"557c859a571dbb30d7031a3463874290"}]]}},":AccountBook:entry:default@ProcessLibs":{"_inputs":[{"dataType":"ValueEntry","value":"{\"_name\":\"BUILTIN_TASK_COMMAND\",\"_value\":\"\",\"_valueType\":\"string\",\"_hash\":\"0b5d05294fdf4e78e8482ef53eb64ac0\"}"},{"dataType":"ValueEntry","value":"{\"_name\":\"BUILTIN_TASK_ENV\",\"_value\":\"\",\"_valueType\":\"string\",\"_hash\":\"cdcdc2ec8062ca9ec1de46dbf2bbc053\"}"},{"dataType":"ValueEntry","value":"{\"_name\":\"BUILTIN_TASK_TOOLCHAIN\",\"_value\":\"\",\"_valueType\":\"string\",\"_hash\":\"e7f94a9422a8bc317a7d90b58efcb5f6\"}"}],"_successful":true,"_projectName":"AccountBook","_moduleName":"entry","_taskName":"default@ProcessLibs","_key":":AccountBook:entry:default@ProcessLibs","_executionId":":AccountBook:entry:default@ProcessLibs:1699275332297","_inputFiles":{"dataType":"Map","value":[]},"_outputFiles":{"dataType":"Map","value":[["C:\\Users\\26387\\DevEcoStudioProjects\\AccountBook\\entry\\build\\default\\intermediates\\libs\\default",{"isDirectory":true,"fileSnapShotHashValue":""}]]}},":AccountBook:entry:default@CompileResource":{"_inputs":[{"dataType":"ValueEntry","value":"{\"_name\":\"BUILTIN_TASK_COMMAND\",\"_value\":\"C:\\\\Users\\\\26387\\\\AppData\\\\Local\\\\Huawei\\\\Sdk\\\\openharmony\\\\9\\\\toolchains\\\\restool.exe,-l,C:\\\\Users\\\\26387\\\\DevEcoStudioProjects\\\\AccountBook\\\\entry\\\\build\\\\default\\\\intermediates\\\\res\\\\default\\\\resConfig.json\",\"_valueType\":\"string\",\"_hash\":\"fdefe7bc116c5a8c6bd1de15c6878f28\"}"},{"dataType":"ValueEntry","value":"{\"_name\":\"BUILTIN_TASK_ENV\",\"_value\":\"\",\"_valueType\":\"string\",\"_hash\":\"cdcdc2ec8062ca9ec1de46dbf2bbc053\"}"},{"dataType":"ValueEntry","value":"{\"_name\":\"BUILTIN_TASK_TOOLCHAIN\",\"_value\":\"C:\\\\Users\\\\26387\\\\AppData\\\\Local\\\\Huawei\\\\Sdk\\\\openharmony\\\\9\\\\toolchains\\\\restool.exe\",\"_valueType\":\"string\",\"_hash\":\"90b7b8327d2886aa1442efd610da1740\"}"},{"dataType":"ValueEntry","value":"{\"_name\":\"TARGET_CONFIG\",\"_value\":\"{\\\"name\\\":\\\"default\\\",\\\"runtimeOS\\\":\\\"HarmonyOS\\\"}\",\"_valueType\":\"string\",\"_hash\":\"d1734598343a94c88ec5404fdcdfa944\"}"}],"_successful":true,"_projectName":"AccountBook","_moduleName":"entry","_taskName":"default@CompileResource","_key":":AccountBook:entry:default@CompileResource","_executionId":":AccountBook:entry:default@CompileResource:1701607008555","_inputFiles":{"dataType":"Map","value":[["C:\\Users\\26387\\DevEcoStudioProjects\\AccountBook\\entry\\src\\main\\resources",{"fileSnapShotHashValue":"3aff8e18e100989b62db0d42df15d15f"}],["C:\\Users\\26387\\DevEcoStudioProjects\\AccountBook\\AppScope\\resources",{"fileSnapShotHashValue":"40f71f2ba1eae8c10b4ceab57fbe0ab0"}],["C:\\Users\\26387\\DevEcoStudioProjects\\AccountBook\\entry\\build\\default\\intermediates\\process_profile\\default\\module.json",{"isDirectory":false,"fileSnapShotHashValue":"b80285343b3a84642b947f86a0f80e35"}],["C:\\Users\\26387\\DevEcoStudioProjects\\AccountBook\\entry\\build\\default\\intermediates\\res\\default\\resConfig.json",{"isDirectory":false,"fileSnapShotHashValue":"557c859a571dbb30d7031a3463874290"}]]},"_outputFiles":{"dataType":"Map","value":[["C:\\Users\\26387\\DevEcoStudioProjects\\AccountBook\\entry\\build\\default\\intermediates\\res\\default",{"isDirectory":true,"fileSnapShotHashValue":"9e624f1f0f52275916bc7ee318f78696"}],["C:\\Users\\26387\\DevEcoStudioProjects\\AccountBook\\entry\\build\\default\\generated\\r\\default\\ResourceTable.h",{"isDirectory":false,"fileSnapShotHashValue":"e0b071af4dc0e61cdb5da0f4dc704d54"}],["C:\\Users\\26387\\DevEcoStudioProjects\\AccountBook\\entry\\build\\default\\generated\\r\\default",{"isDirectory":true,"fileSnapShotHashValue":"b08b08c26d4dd4df7319c11f7ca33954"}]]}},":AccountBook:entry:default@CompileArkTS":{"_inputs":[{"dataType":"ValueEntry","value":"{\"_name\":\"debuggable\",\"_value\":true,\"_valueType\":\"boolean\"}"},{"dataType":"ValueEntry","value":"{\"_name\":\"isArk\",\"_value\":true,\"_valueType\":\"boolean\"}"},{"dataType":"ValueEntry","value":"{\"_name\":\"needCoverageInsert\",\"_value\":false,\"_valueType\":\"boolean\"}"},{"dataType":"ValueEntry","value":"{\"_name\":\"arkTsWdiget\",\"_value\":false,\"_valueType\":\"boolean\"}"},{"dataType":"ValueEntry","value":"{\"_name\":\"BUILTIN_TASK_COMMAND\",\"_value\":\"\",\"_valueType\":\"string\"}"},{"dataType":"ValueEntry","value":"{\"_name\":\"BUILTIN_TASK_TOOLCHAIN\",\"_value\":\"\",\"_valueType\":\"string\"}"},{"dataType":"ValueEntry","value":"{\"_name\":\"BUILTIN_TASK_ENV\",\"_value\":\"\",\"_valueType\":\"string\"}"}],"_successful":true,"_projectName":"AccountBook","_moduleName":"entry","_taskName":"default@CompileArkTS","_key":":AccountBook:entry:default@CompileArkTS","_executionId":":AccountBook:entry:default@CompileArkTS:1703148065613","_inputFiles":{"dataType":"Map","value":[["C:\\Users\\26387\\DevEcoStudioProjects\\AccountBook\\entry\\build\\default\\intermediates\\loader\\default",{"isDirectory":true,"fileSnapShotHashValue":"df12eb923d95428a44ec6c185ff6f212"}],["C:\\Users\\26387\\DevEcoStudioProjects\\AccountBook\\entry\\build\\default\\intermediates\\res\\default\\ResourceTable.txt",{"fileSnapShotHashValue":"5984c7c7e0b2a2bddb673435d9be0c36"}],["C:\\Users\\26387\\DevEcoStudioProjects\\AccountBook\\entry\\build\\default\\intermediates\\res\\default\\module.json",{"fileSnapShotHashValue":"8794c96a1f6f2dd377704581737f34fe"}],["C:\\Users\\26387\\DevEcoStudioProjects\\AccountBook\\entry\\build\\default\\intermediates\\res\\default\\resources\\base\\profile",{"isDirectory":true,"fileSnapShotHashValue":"cc6f41e6c8dc816eeee4e11458d2c70a"}],["C:\\Users\\26387\\DevEcoStudioProjects\\AccountBook\\entry\\src\\main\\ets",{"isDirectory":true,"fileSnapShotHashValue":"1254f4709e85a52178831524bd5ea6c4"}]]},"_outputFiles":{"dataType":"Map","value":[["C:\\Users\\26387\\DevEcoStudioProjects\\AccountBook\\entry\\build\\default\\intermediates\\loader_out\\default\\ets",{"isDirectory":true,"fileSnapShotHashValue":"1e9f437eff3e8dfe1a68411f90437f1a"}]]}},":AccountBook:entry:default@CompileJS":{"_inputs":[{"dataType":"ValueEntry","value":"{\"_name\":\"debuggable\",\"_value\":true,\"_valueType\":\"boolean\"}"},{"dataType":"ValueEntry","value":"{\"_name\":\"isArk\",\"_value\":true,\"_valueType\":\"boolean\"}"},{"dataType":"ValueEntry","value":"{\"_name\":\"needCoverageInsert\",\"_value\":false,\"_valueType\":\"boolean\"}"},{"dataType":"ValueEntry","value":"{\"_name\":\"BUILTIN_TASK_COMMAND\",\"_value\":\"\",\"_valueType\":\"string\"}"},{"dataType":"ValueEntry","value":"{\"_name\":\"BUILTIN_TASK_TOOLCHAIN\",\"_value\":\"\",\"_valueType\":\"string\"}"},{"dataType":"ValueEntry","value":"{\"_name\":\"BUILTIN_TASK_ENV\",\"_value\":\"\",\"_valueType\":\"string\"}"}],"_successful":true,"_projectName":"AccountBook","_moduleName":"entry","_taskName":"default@CompileJS","_key":":AccountBook:entry:default@CompileJS","_executionId":":AccountBook:entry:default@CompileJS:1703148065620","_inputFiles":{"dataType":"Map","value":[["C:\\Users\\26387\\DevEcoStudioProjects\\AccountBook\\entry\\build\\default\\intermediates\\loader\\default",{"isDirectory":true,"fileSnapShotHashValue":"df12eb923d95428a44ec6c185ff6f212"}],["C:\\Users\\26387\\DevEcoStudioProjects\\AccountBook\\entry\\build\\default\\intermediates\\res\\default\\ResourceTable.txt",{"fileSnapShotHashValue":"5984c7c7e0b2a2bddb673435d9be0c36"}],["C:\\Users\\26387\\DevEcoStudioProjects\\AccountBook\\entry\\build\\default\\intermediates\\res\\default\\module.json",{"fileSnapShotHashValue":"8794c96a1f6f2dd377704581737f34fe"}],["C:\\Users\\26387\\DevEcoStudioProjects\\AccountBook\\entry\\build\\default\\intermediates\\res\\default\\resources\\base\\profile",{"isDirectory":true,"fileSnapShotHashValue":"cc6f41e6c8dc816eeee4e11458d2c70a"}]]},"_outputFiles":{"dataType":"Map","value":[["C:\\Users\\26387\\DevEcoStudioProjects\\AccountBook\\entry\\build\\default\\intermediates\\loader_out\\default\\js",{"isDirectory":true,"fileSnapShotHashValue":""}]]}},":AccountBook:entry:default@PackageHap":{"_inputs":[{"dataType":"ValueEntry","value":"{\"_name\":\"hotReload\",\"_value\":false,\"_valueType\":\"boolean\"}"},{"dataType":"ValueEntry","value":"{\"_name\":\"BUILTIN_TASK_COMMAND\",\"_value\":\"java,-Dfile.encoding=utf-8,-jar,C:\\\\Users\\\\26387\\\\AppData\\\\Local\\\\Huawei\\\\Sdk\\\\openharmony\\\\9\\\\toolchains\\\\lib\\\\app_packing_tool.jar,--mode,hap,--force,true,--lib-path,C:\\\\Users\\\\26387\\\\DevEcoStudioProjects\\\\AccountBook\\\\entry\\\\build\\\\default\\\\intermediates\\\\libs\\\\default,--json-path,C:\\\\Users\\\\26387\\\\DevEcoStudioProjects\\\\AccountBook\\\\entry\\\\build\\\\default\\\\intermediates\\\\res\\\\default\\\\module.json,--resources-path,C:\\\\Users\\\\26387\\\\DevEcoStudioProjects\\\\AccountBook\\\\entry\\\\build\\\\default\\\\intermediates\\\\res\\\\default\\\\resources,--index-path,C:\\\\Users\\\\26387\\\\DevEcoStudioProjects\\\\AccountBook\\\\entry\\\\build\\\\default\\\\intermediates\\\\res\\\\default\\\\resources.index,--pack-info-path,C:\\\\Users\\\\26387\\\\DevEcoStudioProjects\\\\AccountBook\\\\entry\\\\build\\\\default\\\\outputs\\\\default\\\\pack.info,--out-path,C:\\\\Users\\\\26387\\\\DevEcoStudioProjects\\\\AccountBook\\\\entry\\\\build\\\\default\\\\outputs\\\\default\\\\entry-default-unsigned.hap,--ets-path,C:\\\\Users\\\\26387\\\\DevEcoStudioProjects\\\\AccountBook\\\\entry\\\\build\\\\default\\\\intermediates\\\\loader_out\\\\default\\\\ets\",\"_valueType\":\"string\"}"},{"dataType":"ValueEntry","value":"{\"_name\":\"BUILTIN_TASK_TOOLCHAIN\",\"_value\":\"C:\\\\Users\\\\26387\\\\AppData\\\\Local\\\\Huawei\\\\Sdk\\\\openharmony\\\\9\\\\toolchains\\\\lib\\\\app_packing_tool.jar\",\"_valueType\":\"string\"}"},{"dataType":"ValueEntry","value":"{\"_name\":\"BUILTIN_TASK_ENV\",\"_value\":\"\",\"_valueType\":\"string\"}"}],"_successful":true,"_projectName":"AccountBook","_moduleName":"entry","_taskName":"default@PackageHap","_key":":AccountBook:entry:default@PackageHap","_executionId":":AccountBook:entry:default@PackageHap:1703148068629","_inputFiles":{"dataType":"Map","value":[["C:\\Users\\26387\\DevEcoStudioProjects\\AccountBook\\entry\\build\\default\\intermediates\\libs\\default",{"isDirectory":false,"fileSnapShotHashValue":""}],["C:\\Users\\26387\\DevEcoStudioProjects\\AccountBook\\entry\\build\\default\\intermediates\\res\\default\\module.json",{"isDirectory":false,"fileSnapShotHashValue":"8794c96a1f6f2dd377704581737f34fe"}],["C:\\Users\\26387\\DevEcoStudioProjects\\AccountBook\\entry\\build\\default\\intermediates\\res\\default\\resources",{"isDirectory":false,"fileSnapShotHashValue":"4ddc520264011bb0bd03fd8eac7dc575"}],["C:\\Users\\26387\\DevEcoStudioProjects\\AccountBook\\entry\\build\\default\\intermediates\\res\\default\\resources.index",{"isDirectory":false,"fileSnapShotHashValue":"740d5b684e7079c40b74b25f10e89450"}],["C:\\Users\\26387\\DevEcoStudioProjects\\AccountBook\\entry\\build\\default\\outputs\\default\\pack.info",{"isDirectory":false,"fileSnapShotHashValue":"3b961b29da73201b4bfd0198014658bf"}],["C:\\Users\\26387\\DevEcoStudioProjects\\AccountBook\\entry\\build\\default\\intermediates\\loader_out\\default\\ets",{"isDirectory":false,"fileSnapShotHashValue":"1e9f437eff3e8dfe1a68411f90437f1a"}]]},"_outputFiles":{"dataType":"Map","value":[["C:\\Users\\26387\\DevEcoStudioProjects\\AccountBook\\entry\\build\\default\\outputs\\default\\entry-default-unsigned.hap",{"isDirectory":false,"fileSnapShotHashValue":"7c390970b3fb028fc2e1ec8c357e1969"}]]}},":AccountBook:entry:default@SignHap":{"_inputs":[{"dataType":"ValueEntry","value":"{\"_name\":\"sdkToolchainsComponentVersion\",\"_value\":\"3.2.12.5\",\"_valueType\":\"string\"}"},{"dataType":"ValueEntry","value":"{\"_name\":\"existSigningConfig\",\"_value\":true,\"_valueType\":\"boolean\"}"},{"dataType":"ValueEntry","value":"{\"_name\":\"signingConfig_name\",\"_value\":\"default\",\"_valueType\":\"string\"}"},{"dataType":"ValueEntry","value":"{\"_name\":\"signingConfig_type\",\"_value\":\"HarmonyOS\",\"_valueType\":\"string\"}"},{"dataType":"ValueEntry","value":"{\"_name\":\"existMaterial\",\"_value\":true,\"_valueType\":\"boolean\"}"},{"dataType":"ValueEntry","value":"{\"_name\":\"signingConfig_signAlg\",\"_value\":\"SHA256withECDSA\",\"_valueType\":\"string\"}"},{"dataType":"ValueEntry","value":"{\"_name\":\"signingConfig_keyAlias\",\"_value\":\"debugKey\",\"_valueType\":\"string\"}"},{"dataType":"ValueEntry","value":"{\"_name\":\"signingConfig_keyPassword\",\"_value\":\"0000001B1BFB83A0C9F72B5AE5ED8A6979514ED7D13C94EE76D8735D33EA092DD4ABF13447E9EDE036603A\",\"_valueType\":\"string\"}"},{"dataType":"ValueEntry","value":"{\"_name\":\"signingConfig_storePassword\",\"_value\":\"0000001BB50B72F0DC83279D4C216BF600D94C4F770EFBB7D2DB8DA70F107A9E523851154374A56D355049\",\"_valueType\":\"string\"}"},{"dataType":"ValueEntry","value":"{\"_name\":\"BUILTIN_TASK_COMMAND\",\"_value\":\"\",\"_valueType\":\"string\"}"},{"dataType":"ValueEntry","value":"{\"_name\":\"BUILTIN_TASK_TOOLCHAIN\",\"_value\":\"\",\"_valueType\":\"string\"}"},{"dataType":"ValueEntry","value":"{\"_name\":\"BUILTIN_TASK_ENV\",\"_value\":\"\",\"_valueType\":\"string\"}"}],"_successful":true,"_projectName":"AccountBook","_moduleName":"entry","_taskName":"default@SignHap","_key":":AccountBook:entry:default@SignHap","_executionId":":AccountBook:entry:default@SignHap:1703148068922","_inputFiles":{"dataType":"Map","value":[["C:\\Users\\26387\\.ohos\\config\\auto_debug_AccountBook_com.example.accountbook_30086000593547374.cer",{"isDirectory":false,"fileSnapShotHashValue":"808f07f079c78f8eb5dd89da4ef91c53"}],["C:\\Users\\26387\\.ohos\\config\\auto_debug_AccountBook_com.example.accountbook_30086000593547374.p7b",{"isDirectory":false,"fileSnapShotHashValue":"7e60acf9418e8740133f81df3d041cbd"}],["C:\\Users\\26387\\.ohos\\config\\auto_debug_AccountBook_com.example.accountbook_30086000593547374.p12",{"isDirectory":false,"fileSnapShotHashValue":"0b664107877357415c18fdfb0f8c2d0d"}],["C:\\Users\\26387\\DevEcoStudioProjects\\AccountBook\\entry\\build\\default\\outputs\\default\\entry-default-unsigned.hap",{"isDirectory":false,"fileSnapShotHashValue":"7c390970b3fb028fc2e1ec8c357e1969"}]]},"_outputFiles":{"dataType":"Map","value":[["C:\\Users\\26387\\DevEcoStudioProjects\\AccountBook\\entry\\build\\default\\outputs\\default\\entry-default-signed.hap",{"isDirectory":false,"fileSnapShotHashValue":"ddfaff555c2c0478a549860a0faa4fe6"}]]}},":AccountBook:entry:default@PreviewProcessResource":{"_inputs":[{"dataType":"ValueEntry","value":"{\"_name\":\"previewCompileResourcesCommand\",\"_value\":\"{\\\"commandList\\\":[\\\"C:\\\\\\\\Users\\\\\\\\26387\\\\\\\\AppData\\\\\\\\Local\\\\\\\\Huawei\\\\\\\\Sdk\\\\\\\\openharmony\\\\\\\\9\\\\\\\\toolchains\\\\\\\\restool.exe\\\",\\\"-m\\\",\\\"entry\\\",\\\"-f\\\",\\\"-j\\\",\\\"C:\\\\\\\\Users\\\\\\\\26387\\\\\\\\DevEcoStudioProjects\\\\\\\\AccountBook\\\\\\\\entry\\\\\\\\.preview\\\\\\\\default\\\\\\\\intermediates\\\\\\\\process_profile\\\\\\\\default\\\\\\\\module.json\\\",\\\"-p\\\",\\\"com.example.accountbook\\\",\\\"-o\\\",\\\"C:\\\\\\\\Users\\\\\\\\26387\\\\\\\\DevEcoStudioProjects\\\\\\\\AccountBook\\\\\\\\entry\\\\\\\\.preview\\\\\\\\default\\\\\\\\intermediates\\\\\\\\res\\\\\\\\default\\\",\\\"-r\\\",\\\"C:\\\\\\\\Users\\\\\\\\26387\\\\\\\\DevEcoStudioProjects\\\\\\\\AccountBook\\\\\\\\entry\\\\\\\\.preview\\\\\\\\default\\\\\\\\generated\\\\\\\\r\\\\\\\\default\\\\\\\\ResourceTable.h\\\"],\\\"inputFiles\\\":{\\\"_group\\\":{}},\\\"outputFiles\\\":{\\\"_group\\\":{}},\\\"existsResourceDir\\\":true,\\\"restoolLinkParamObj\\\":{\\\"appScopeResources\\\":\\\"C:\\\\\\\\Users\\\\\\\\26387\\\\\\\\DevEcoStudioProjects\\\\\\\\AccountBook\\\\\\\\AppScope\\\\\\\\resources\\\",\\\"moduleResourcesMap\\\":{},\\\"harResourcesMap\\\":{},\\\"outputPath\\\":\\\"C:\\\\\\\\Users\\\\\\\\26387\\\\\\\\DevEcoStudioProjects\\\\\\\\AccountBook\\\\\\\\entry\\\\\\\\.preview\\\\\\\\default\\\\\\\\intermediates\\\\\\\\res\\\\\\\\default\\\",\\\"linkCommand\\\":[\\\"C:\\\\\\\\Users\\\\\\\\26387\\\\\\\\AppData\\\\\\\\Local\\\\\\\\Huawei\\\\\\\\Sdk\\\\\\\\openharmony\\\\\\\\9\\\\\\\\toolchains\\\\\\\\restool.exe\\\",\\\"-m\\\",\\\"entry\\\",\\\"-f\\\",\\\"-j\\\",\\\"C:\\\\\\\\Users\\\\\\\\26387\\\\\\\\DevEcoStudioProjects\\\\\\\\AccountBook\\\\\\\\entry\\\\\\\\.preview\\\\\\\\default\\\\\\\\intermediates\\\\\\\\process_profile\\\\\\\\default\\\\\\\\module.json\\\",\\\"-p\\\",\\\"com.example.accountbook\\\",\\\"-r\\\",\\\"C:\\\\\\\\Users\\\\\\\\26387\\\\\\\\DevEcoStudioProjects\\\\\\\\AccountBook\\\\\\\\entry\\\\\\\\.preview\\\\\\\\default\\\\\\\\generated\\\\\\\\r\\\\\\\\default\\\\\\\\ResourceTable.h\\\",\\\"-z\\\"]}}\",\"_valueType\":\"string\"}"},{"dataType":"ValueEntry","value":"{\"_name\":\"BUILTIN_TASK_COMMAND\",\"_value\":\"\",\"_valueType\":\"string\"}"},{"dataType":"ValueEntry","value":"{\"_name\":\"BUILTIN_TASK_TOOLCHAIN\",\"_value\":\"\",\"_valueType\":\"string\"}"},{"dataType":"ValueEntry","value":"{\"_name\":\"BUILTIN_TASK_ENV\",\"_value\":\"\",\"_valueType\":\"string\"}"}],"_successful":true,"_projectName":"AccountBook","_moduleName":"entry","_taskName":"default@PreviewProcessResource","_key":":AccountBook:entry:default@PreviewProcessResource","_executionId":":AccountBook:entry:default@PreviewProcessResource:1701606948114","_inputFiles":{"dataType":"Map","value":[]},"_outputFiles":{"dataType":"Map","value":[["{\"commandList\":[\"C:\\\\Users\\\\26387\\\\AppData\\\\Local\\\\Huawei\\\\Sdk\\\\openharmony\\\\9\\\\toolchains\\\\restool.exe\",\"-m\",\"entry\",\"-f\",\"-j\",\"C:\\\\Users\\\\26387\\\\DevEcoStudioProjects\\\\AccountBook\\\\entry\\\\.preview\\\\default\\\\intermediates\\\\process_profile\\\\default\\\\module.json\",\"-p\",\"com.example.accountbook\",\"-o\",\"C:\\\\Users\\\\26387\\\\DevEcoStudioProjects\\\\AccountBook\\\\entry\\\\.preview\\\\default\\\\intermediates\\\\res\\\\default\",\"-r\",\"C:\\\\Users\\\\26387\\\\DevEcoStudioProjects\\\\AccountBook\\\\entry\\\\.preview\\\\default\\\\generated\\\\r\\\\default\\\\ResourceTable.h\"],\"inputFiles\":{\"_group\":{}},\"outputFiles\":{\"_group\":{}},\"existsResourceDir\":true,\"restoolLinkParamObj\":{\"appScopeResources\":\"C:\\\\Users\\\\26387\\\\DevEcoStudioProjects\\\\AccountBook\\\\AppScope\\\\resources\",\"moduleResourcesMap\":{},\"harResourcesMap\":{},\"outputPath\":\"C:\\\\Users\\\\26387\\\\DevEcoStudioProjects\\\\AccountBook\\\\entry\\\\.preview\\\\default\\\\intermediates\\\\res\\\\default\",\"linkCommand\":[\"C:\\\\Users\\\\26387\\\\AppData\\\\Local\\\\Huawei\\\\Sdk\\\\openharmony\\\\9\\\\toolchains\\\\restool.exe\",\"-m\",\"entry\",\"-f\",\"-j\",\"C:\\\\Users\\\\26387\\\\DevEcoStudioProjects\\\\AccountBook\\\\entry\\\\.preview\\\\default\\\\intermediates\\\\process_profile\\\\default\\\\module.json\",\"-p\",\"com.example.accountbook\",\"-r\",\"C:\\\\Users\\\\26387\\\\DevEcoStudioProjects\\\\AccountBook\\\\entry\\\\.preview\\\\default\\\\generated\\\\r\\\\default\\\\ResourceTable.h\",\"-z\"]}}",{"isDirectory":false,"fileSnapShotHashValue":""}]]}},":AccountBook:entry:default@PreviewCompileResource":{"_inputs":[{"dataType":"ValueEntry","value":"{\"_name\":\"PREVIEWER_REPLACE_PAGE\",\"_valueType\":\"undefined\"}"},{"dataType":"ValueEntry","value":"{\"_name\":\"PREVIEWER_REPLACE_SRCPATH\",\"_valueType\":\"undefined\"}"},{"dataType":"ValueEntry","value":"{\"_name\":\"TARGET_CONFIG\",\"_value\":\"{\\\"name\\\":\\\"default\\\",\\\"runtimeOS\\\":\\\"HarmonyOS\\\"}\",\"_valueType\":\"string\"}"},{"dataType":"ValueEntry","value":"{\"_name\":\"BUILTIN_TASK_COMMAND\",\"_value\":\"\",\"_valueType\":\"string\"}"},{"dataType":"ValueEntry","value":"{\"_name\":\"BUILTIN_TASK_TOOLCHAIN\",\"_value\":\"C:\\\\Users\\\\26387\\\\AppData\\\\Local\\\\Huawei\\\\Sdk\\\\openharmony\\\\9\\\\toolchains\\\\restool.exe\",\"_valueType\":\"string\"}"},{"dataType":"ValueEntry","value":"{\"_name\":\"BUILTIN_TASK_ENV\",\"_value\":\"\",\"_valueType\":\"string\"}"}],"_successful":true,"_projectName":"AccountBook","_moduleName":"entry","_taskName":"default@PreviewCompileResource","_key":":AccountBook:entry:default@PreviewCompileResource","_executionId":":AccountBook:entry:default@PreviewCompileResource:1701606948116","_inputFiles":{"dataType":"Map","value":[["C:\\Users\\26387\\DevEcoStudioProjects\\AccountBook\\entry\\src\\main\\resources",{"fileSnapShotHashValue":"3aff8e18e100989b62db0d42df15d15f"}],["C:\\Users\\26387\\DevEcoStudioProjects\\AccountBook\\AppScope\\resources",{"fileSnapShotHashValue":"40f71f2ba1eae8c10b4ceab57fbe0ab0"}],["C:\\Users\\26387\\DevEcoStudioProjects\\AccountBook\\entry\\.preview\\default\\intermediates\\process_profile\\default\\module.json",{"isDirectory":false,"fileSnapShotHashValue":"d13fbbe06b2d23867d423e7ef1dd2076"}]]},"_outputFiles":{"dataType":"Map","value":[["C:\\Users\\26387\\DevEcoStudioProjects\\AccountBook\\entry\\.preview\\default\\intermediates\\res\\default",{"isDirectory":true,"fileSnapShotHashValue":"56e0c80a12f7be205ce62981dc31d345"}],["C:\\Users\\26387\\DevEcoStudioProjects\\AccountBook\\entry\\.preview\\default\\generated\\r\\default\\ResourceTable.h",{"isDirectory":false,"fileSnapShotHashValue":"0f5db73dbe4cc05cffa259cdbbde9ef8"}],["C:\\Users\\26387\\DevEcoStudioProjects\\AccountBook\\entry\\.preview\\default\\generated\\r\\default",{"isDirectory":true,"fileSnapShotHashValue":"70fee93dc56446e92523e2127181e96b"}]]}},":AccountBook:entry:default@PreviewUpdateAssets":{"_inputs":[{"dataType":"ValueEntry","value":"{\"_name\":\"BUILTIN_TASK_COMMAND\",\"_value\":\"\",\"_valueType\":\"string\"}"},{"dataType":"ValueEntry","value":"{\"_name\":\"BUILTIN_TASK_TOOLCHAIN\",\"_value\":\"\",\"_valueType\":\"string\"}"},{"dataType":"ValueEntry","value":"{\"_name\":\"BUILTIN_TASK_ENV\",\"_value\":\"\",\"_valueType\":\"string\"}"}],"_successful":true,"_projectName":"AccountBook","_moduleName":"entry","_taskName":"default@PreviewUpdateAssets","_key":":AccountBook:entry:default@PreviewUpdateAssets","_executionId":":AccountBook:entry:default@PreviewUpdateAssets:1701606948396","_inputFiles":{"dataType":"Map","value":[["C:\\Users\\26387\\DevEcoStudioProjects\\AccountBook\\entry\\.preview\\config\\buildConfig.json",{"isDirectory":false,"fileSnapShotHashValue":"944ccba94976cadc71a229859c7e9bbf"}]]},"_outputFiles":{"dataType":"Map","value":[["C:\\Users\\26387\\DevEcoStudioProjects\\AccountBook\\entry\\.preview\\default\\intermediates\\res\\default\\module.json",{"isDirectory":false,"fileSnapShotHashValue":"4953003fdb0d7cc440bbfe7bfb323454"}],["C:\\Users\\26387\\DevEcoStudioProjects\\AccountBook\\entry\\.preview\\default\\intermediates\\res\\default\\resources\\base\\profile\\main_pages.json",{"isDirectory":false,"fileSnapShotHashValue":"575ff1baafb5bd2f70a45459796e2ac0"}]]}},":AccountBook:entry:default@PreviewArkTS":{"_inputs":[{"dataType":"ValueEntry","value":"{\"_name\":\"debuggable\",\"_value\":true,\"_valueType\":\"boolean\"}"},{"dataType":"ValueEntry","value":"{\"_name\":\"isArk\",\"_value\":true,\"_valueType\":\"boolean\"}"},{"dataType":"ValueEntry","value":"{\"_name\":\"needCoverageInsert\",\"_value\":false,\"_valueType\":\"boolean\"}"},{"dataType":"ValueEntry","value":"{\"_name\":\"arkTsWdiget\",\"_value\":false,\"_valueType\":\"boolean\"}"},{"dataType":"ValueEntry","value":"{\"_name\":\"BUILTIN_TASK_COMMAND\",\"_value\":\"\",\"_valueType\":\"string\"}"},{"dataType":"ValueEntry","value":"{\"_name\":\"BUILTIN_TASK_TOOLCHAIN\",\"_value\":\"\",\"_valueType\":\"string\"}"},{"dataType":"ValueEntry","value":"{\"_name\":\"BUILTIN_TASK_ENV\",\"_value\":\"\",\"_valueType\":\"string\"}"}],"_successful":true,"_projectName":"AccountBook","_moduleName":"entry","_taskName":"default@PreviewArkTS","_key":":AccountBook:entry:default@PreviewArkTS","_executionId":":AccountBook:entry:default@PreviewArkTS:1701606948398","_inputFiles":{"dataType":"Map","value":[["C:\\Users\\26387\\DevEcoStudioProjects\\AccountBook\\entry\\.preview\\default\\intermediates\\loader\\default",{"isDirectory":true,"fileSnapShotHashValue":"bddd9e55fc860dbcf148e394bbe6e73b"}],["C:\\Users\\26387\\DevEcoStudioProjects\\AccountBook\\entry\\.preview\\default\\intermediates\\res\\default\\ResourceTable.txt",{"fileSnapShotHashValue":"16f8d8643eef9d9453ad8c16423b1901"}],["C:\\Users\\26387\\DevEcoStudioProjects\\AccountBook\\entry\\.preview\\default\\intermediates\\res\\default\\module.json",{"fileSnapShotHashValue":"4953003fdb0d7cc440bbfe7bfb323454"}],["C:\\Users\\26387\\DevEcoStudioProjects\\AccountBook\\entry\\.preview\\default\\intermediates\\res\\default\\resources\\base\\profile",{"isDirectory":true,"fileSnapShotHashValue":"fc29d044b1eeff0788089b0ef572257f"}],["C:\\Users\\26387\\DevEcoStudioProjects\\AccountBook\\entry\\src\\main\\ets",{"isDirectory":true,"fileSnapShotHashValue":"9dad83aa8496da684df22db6f2a219fb"}]]},"_outputFiles":{"dataType":"Map","value":[["C:\\Users\\26387\\DevEcoStudioProjects\\AccountBook\\entry\\.preview\\default\\intermediates\\loader_out\\default\\ets",{"isDirectory":true,"fileSnapShotHashValue":""}]]}},":AccountBook:MakeProjectPackInfo":{"_inputs":[{"dataType":"ValueEntry","value":"{\"_name\":\"BUILTIN_TASK_COMMAND\",\"_value\":\"\",\"_valueType\":\"string\"}"},{"dataType":"ValueEntry","value":"{\"_name\":\"BUILTIN_TASK_TOOLCHAIN\",\"_value\":\"\",\"_valueType\":\"string\"}"},{"dataType":"ValueEntry","value":"{\"_name\":\"BUILTIN_TASK_ENV\",\"_value\":\"\",\"_valueType\":\"string\"}"}],"_successful":true,"_projectName":"AccountBook","_moduleName":"AccountBook","_taskName":"MakeProjectPackInfo","_key":":AccountBook:MakeProjectPackInfo","_executionId":":AccountBook:MakeProjectPackInfo:1700464817906","_inputFiles":{"dataType":"Map","value":[["C:\\Users\\26387\\DevEcoStudioProjects\\AccountBook\\entry\\build\\default\\outputs\\default\\pack.info",{"fileSnapShotHashValue":"4b8d956f54a148c8c100cc58371d031e"}]]},"_outputFiles":{"dataType":"Map","value":[["C:\\Users\\26387\\DevEcoStudioProjects\\AccountBook\\build\\outputs\\default\\pack.info",{"fileSnapShotHashValue":"674432a58e1de630e6c3ecdf1131ece1"}]]}},":AccountBook:GeneratePackRes":{"_inputs":[{"dataType":"ValueEntry","value":"{\"_name\":\"needPackRes\",\"_value\":false,\"_valueType\":\"boolean\"}"},{"dataType":"ValueEntry","value":"{\"_name\":\"BUILTIN_TASK_COMMAND\",\"_value\":\"undefined\",\"_valueType\":\"string\"}"},{"dataType":"ValueEntry","value":"{\"_name\":\"BUILTIN_TASK_TOOLCHAIN\",\"_value\":\"C:\\\\Users\\\\26387\\\\AppData\\\\Local\\\\Huawei\\\\Sdk\\\\openharmony\\\\9\\\\toolchains\\\\lib\\\\app_packing_tool.jar\",\"_valueType\":\"string\"}"},{"dataType":"ValueEntry","value":"{\"_name\":\"BUILTIN_TASK_ENV\",\"_value\":\"\",\"_valueType\":\"string\"}"}],"_successful":true,"_projectName":"AccountBook","_moduleName":"AccountBook","_taskName":"GeneratePackRes","_key":":AccountBook:GeneratePackRes","_executionId":":AccountBook:GeneratePackRes:1700464817909","_inputFiles":{"dataType":"Map","value":[["C:\\Users\\26387\\DevEcoStudioProjects\\AccountBook\\build\\outputs\\default\\pack.info",{"isDirectory":false,"fileSnapShotHashValue":"674432a58e1de630e6c3ecdf1131ece1"}]]},"_outputFiles":{"dataType":"Map","value":[]}},":AccountBook:PackageApp":{"_inputs":[{"dataType":"ValueEntry","value":"{\"_name\":\"allDestDir\",\"_value\":[\"C:\\\\Users\\\\26387\\\\DevEcoStudioProjects\\\\AccountBook\\\\entry\\\\build\\\\default\\\\outputs\\\\default\\\\app\",\"C:\\\\Users\\\\26387\\\\DevEcoStudioProjects\\\\AccountBook\\\\entry\\\\build\\\\default\\\\outputs\\\\default\\\\app\"],\"_valueType\":\"object\"}"},{"dataType":"ValueEntry","value":"{\"_name\":\"BUILTIN_TASK_COMMAND\",\"_value\":\"java,-Dfile.encoding=utf-8,-jar,C:\\\\Users\\\\26387\\\\AppData\\\\Local\\\\Huawei\\\\Sdk\\\\openharmony\\\\9\\\\toolchains\\\\lib\\\\app_packing_tool.jar,--mode,app,--pack-info-path,C:\\\\Users\\\\26387\\\\DevEcoStudioProjects\\\\AccountBook\\\\build\\\\outputs\\\\default\\\\pack.info,--hap-path,C:\\\\Users\\\\26387\\\\DevEcoStudioProjects\\\\AccountBook\\\\entry\\\\build\\\\default\\\\outputs\\\\default\\\\app\\\\entry-default.hap,--hsp-path,,--force,true,--out-path,C:\\\\Users\\\\26387\\\\DevEcoStudioProjects\\\\AccountBook\\\\build\\\\outputs\\\\default\\\\AccountBook-default-unsigned.app,--main-module-limit,2,--normal-module-limit,2\",\"_valueType\":\"string\"}"},{"dataType":"ValueEntry","value":"{\"_name\":\"BUILTIN_TASK_TOOLCHAIN\",\"_value\":\"C:\\\\Users\\\\26387\\\\AppData\\\\Local\\\\Huawei\\\\Sdk\\\\openharmony\\\\9\\\\toolchains\\\\lib\\\\app_packing_tool.jar\",\"_valueType\":\"string\"}"},{"dataType":"ValueEntry","value":"{\"_name\":\"BUILTIN_TASK_ENV\",\"_value\":\"\",\"_valueType\":\"string\"}"}],"_successful":true,"_projectName":"AccountBook","_moduleName":"AccountBook","_taskName":"PackageApp","_key":":AccountBook:PackageApp","_executionId":":AccountBook:PackageApp:1700464817910","_inputFiles":{"dataType":"Map","value":[["C:\\Users\\26387\\DevEcoStudioProjects\\AccountBook\\build\\outputs\\default\\pack.info",{"isDirectory":false,"fileSnapShotHashValue":"674432a58e1de630e6c3ecdf1131ece1"}],["C:\\Users\\26387\\DevEcoStudioProjects\\AccountBook\\entry\\build\\default\\outputs\\default\\entry-default-unsigned.hap",{"isDirectory":false,"fileSnapShotHashValue":"95c541c6890725e8436af88f1669c6ed"}]]},"_outputFiles":{"dataType":"Map","value":[["C:\\Users\\26387\\DevEcoStudioProjects\\AccountBook\\build\\outputs\\default\\AccountBook-default-unsigned.app",{"isDirectory":false,"fileSnapShotHashValue":"3b0a3ac4334c07a0fe1aa8511b8b89a0"}],["C:\\Users\\26387\\DevEcoStudioProjects\\AccountBook\\entry\\build\\default\\outputs\\default\\app\\entry-default.hap",{"isDirectory":false,"fileSnapShotHashValue":"7f47ea266b991375f5a6f6bb330eb8b5"}]]}},":AccountBook:SignApp":{"_inputs":[{"dataType":"ValueEntry","value":"{\"_name\":\"sdkToolchainsComponentVersion\",\"_value\":\"3.2.12.5\",\"_valueType\":\"string\"}"},{"dataType":"ValueEntry","value":"{\"_name\":\"existSigningConfig\",\"_value\":false,\"_valueType\":\"boolean\"}"},{"dataType":"ValueEntry","value":"{\"_name\":\"BUILTIN_TASK_COMMAND\",\"_value\":\"\",\"_valueType\":\"string\"}"},{"dataType":"ValueEntry","value":"{\"_name\":\"BUILTIN_TASK_TOOLCHAIN\",\"_value\":\"\",\"_valueType\":\"string\"}"},{"dataType":"ValueEntry","value":"{\"_name\":\"BUILTIN_TASK_ENV\",\"_value\":\"\",\"_valueType\":\"string\"}"}],"_successful":true,"_projectName":"AccountBook","_moduleName":"AccountBook","_taskName":"SignApp","_key":":AccountBook:SignApp","_executionId":":AccountBook:SignApp:1700464818229","_inputFiles":{"dataType":"Map","value":[["C:\\Users\\26387\\DevEcoStudioProjects\\AccountBook\\build\\outputs\\default\\AccountBook-default-unsigned.app",{"isDirectory":false,"fileSnapShotHashValue":"3b0a3ac4334c07a0fe1aa8511b8b89a0"}]]},"_outputFiles":{"dataType":"Map","value":[["C:\\Users\\26387\\DevEcoStudioProjects\\AccountBook\\build\\outputs\\default\\AccountBook-default-signed.app",{"isDirectory":false,"fileSnapShotHashValue":""}]]}}}