{
  "version": "1.0",
  "workerIdList": [
    -1,
    2,
    0
  ],
  "metrics": [
    {
      "type": "build_line",
      "endTime": 1703147895292,
      "status": "closed",
      "children": [],
      "name": "overallTime",
      "taskName": "init",
      "taskPath": "entry",
      "workerId": -1,
      "startTime": 1703147895291
    },
    {
      "type": "build_line",
      "endTime": 1703147895297,
      "status": "closed",
      "children": [],
      "name": "overallTime",
      "taskName": "init",
      "taskPath": "AccountBook",
      "workerId": -1,
      "startTime": 1703147895297
    },
    {
      "type": "build_line",
      "endTime": 1703147911004,
      "status": "closed",
      "children": [],
      "name": "overallTime",
      "taskName": "default@PreBuild",
      "taskPath": "entry",
      "workerId": -1,
      "startTime": 1703147911001
    },
    {
      "type": "build_line",
      "endTime": 1703147911008,
      "status": "closed",
      "children": [],
      "name": "overallTime",
      "taskName": "default@GenerateMetadata",
      "taskPath": "entry",
      "workerId": -1,
      "startTime": 1703147911005
    },
    {
      "type": "build_line",
      "endTime": 1703147911013,
      "status": "closed",
      "children": [],
      "name": "overallTime",
      "taskName": "default@MergeProfile",
      "taskPath": "entry",
      "workerId": -1,
      "startTime": 1703147911012
    },
    {
      "type": "build_line",
      "endTime": 1703147911015,
      "status": "closed",
      "children": [],
      "name": "overallTime",
      "taskName": "default@BuildNativeWithCmake",
      "taskPath": "entry",
      "workerId": -1,
      "startTime": 1703147911015
    },
    {
      "type": "build_line",
      "endTime": 1703147911018,
      "status": "closed",
      "children": [],
      "name": "overallTime",
      "taskName": "default@GenerateLoaderJson",
      "taskPath": "entry",
      "workerId": -1,
      "startTime": 1703147911017
    },
    {
      "type": "build_line",
      "endTime": 1703147911023,
      "status": "closed",
      "children": [],
      "name": "overallTime",
      "taskName": "default@MakePackInfo",
      "taskPath": "entry",
      "workerId": -1,
      "startTime": 1703147911019
    },
    {
      "type": "build_line",
      "endTime": 1703147911025,
      "status": "closed",
      "children": [],
      "name": "overallTime",
      "taskName": "default@ProcessProfile",
      "taskPath": "entry",
      "workerId": -1,
      "startTime": 1703147911024
    },
    {
      "type": "build_line",
      "endTime": 1703147911026,
      "status": "closed",
      "children": [],
      "name": "overallTime",
      "taskName": "default@BuildNativeWithNinja",
      "taskPath": "entry",
      "workerId": -1,
      "startTime": 1703147911025
    },
    {
      "type": "build_line",
      "endTime": 1703147911028,
      "status": "closed",
      "children": [],
      "name": "overallTime",
      "taskName": "default@ProcessResource",
      "taskPath": "entry",
      "workerId": -1,
      "startTime": 1703147911026
    },
    {
      "type": "build_line",
      "endTime": 1703147911029,
      "status": "closed",
      "children": [],
      "name": "overallTime",
      "taskName": "default@ProcessLibs",
      "taskPath": "entry",
      "workerId": -1,
      "startTime": 1703147911028
    },
    {
      "type": "build_line",
      "endTime": 1703147911048,
      "status": "closed",
      "children": [],
      "name": "overallTime",
      "taskName": "default@CompileResource",
      "taskPath": "entry",
      "workerId": -1,
      "startTime": 1703147911029
    },
    {
      "type": "build_line",
      "endTime": 1703147911053,
      "status": "closed",
      "children": [],
      "name": "overallTime",
      "taskName": "default@CompileArkTS",
      "taskPath": "entry",
      "workerId": -1,
      "startTime": 1703147911049
    },
    {
      "type": "build_line",
      "endTime": 1703147911056,
      "status": "closed",
      "children": [],
      "name": "overallTime",
      "taskName": "default@CompileJS",
      "taskPath": "entry",
      "workerId": -1,
      "startTime": 1703147911054
    },
    {
      "type": "build_line",
      "endTime": 1703147911061,
      "status": "closed",
      "children": [],
      "name": "overallTime",
      "taskName": "default@PackageHap",
      "taskPath": "entry",
      "workerId": -1,
      "startTime": 1703147911057
    },
    {
      "type": "build_line",
      "endTime": 1703147911063,
      "status": "closed",
      "children": [],
      "name": "overallTime",
      "taskName": "default@SignHap",
      "taskPath": "entry",
      "workerId": -1,
      "startTime": 1703147911062
    },
    {
      "type": "build_line",
      "endTime": 1703147911064,
      "status": "closed",
      "children": [],
      "name": "overallTime",
      "taskName": "assembleHap",
      "taskPath": "entry",
      "workerId": -1,
      "startTime": 1703147911064
    },
    {
      "type": "build_line",
      "endTime": 1703147969806,
      "status": "closed",
      "children": [],
      "name": "overallTime",
      "taskName": "default@PreBuild",
      "taskPath": "entry",
      "workerId": -1,
      "startTime": 1703147969806
    },
    {
      "type": "build_line",
      "endTime": 1703147969810,
      "status": "closed",
      "children": [],
      "name": "overallTime",
      "taskName": "default@GenerateMetadata",
      "taskPath": "entry",
      "workerId": -1,
      "startTime": 1703147969808
    },
    {
      "type": "build_line",
      "endTime": 1703147969814,
      "status": "closed",
      "children": [],
      "name": "overallTime",
      "taskName": "default@MergeProfile",
      "taskPath": "entry",
      "workerId": -1,
      "startTime": 1703147969814
    },
    {
      "type": "build_line",
      "endTime": 1703147969816,
      "status": "closed",
      "children": [],
      "name": "overallTime",
      "taskName": "default@BuildNativeWithCmake",
      "taskPath": "entry",
      "workerId": -1,
      "startTime": 1703147969816
    },
    {
      "type": "build_line",
      "endTime": 1703147969817,
      "status": "closed",
      "children": [],
      "name": "overallTime",
      "taskName": "default@GenerateLoaderJson",
      "taskPath": "entry",
      "workerId": -1,
      "startTime": 1703147969817
    },
    {
      "type": "build_line",
      "endTime": 1703147969819,
      "status": "closed",
      "children": [],
      "name": "overallTime",
      "taskName": "default@MakePackInfo",
      "taskPath": "entry",
      "workerId": -1,
      "startTime": 1703147969817
    },
    {
      "type": "build_line",
      "endTime": 1703147969821,
      "status": "closed",
      "children": [],
      "name": "overallTime",
      "taskName": "default@ProcessProfile",
      "taskPath": "entry",
      "workerId": -1,
      "startTime": 1703147969820
    },
    {
      "type": "build_line",
      "endTime": 1703147969821,
      "status": "closed",
      "children": [],
      "name": "overallTime",
      "taskName": "default@BuildNativeWithNinja",
      "taskPath": "entry",
      "workerId": -1,
      "startTime": 1703147969821
    },
    {
      "type": "build_line",
      "endTime": 1703147969831,
      "status": "closed",
      "children": [],
      "name": "overallTime",
      "taskName": "default@ProcessResource",
      "taskPath": "entry",
      "workerId": -1,
      "startTime": 1703147969830
    },
    {
      "type": "build_line",
      "endTime": 1703147969846,
      "status": "closed",
      "children": [],
      "name": "overallTime",
      "taskName": "default@ProcessLibs",
      "taskPath": "entry",
      "workerId": -1,
      "startTime": 1703147969845
    },
    {
      "type": "build_line",
      "endTime": 1703147969855,
      "status": "closed",
      "children": [],
      "name": "overallTime",
      "taskName": "default@CompileResource",
      "taskPath": "entry",
      "workerId": -1,
      "startTime": 1703147969846
    },
    {
      "type": "build_line",
      "endTime": 1703147969879,
      "status": "closed",
      "children": [],
      "name": "overallTime",
      "taskName": "default@CompileJS",
      "taskPath": "entry",
      "workerId": -1,
      "startTime": 1703147969874
    },
    {
      "type": "build_line",
      "endTime": 1703147973497,
      "status": "closed",
      "children": [],
      "name": "overallTime",
      "taskName": "default@CompileArkTS",
      "taskPath": "entry",
      "workerId": 2,
      "startTime": 1703147969873
    },
    {
      "type": "default",
      "endTime": 1703147973498,
      "status": "closed",
      "children": [
        {
          "type": "build_line",
          "endTime": 1703147973497,
          "status": "closed",
          "children": [],
          "name": "overallTime",
          "taskName": "default@CompileArkTS",
          "taskPath": "entry",
          "workerId": 2,
          "startTime": 1703147969873
        }
      ],
      "name": "overallTime",
      "taskName": "default@CompileArkTS",
      "taskPath": "entry",
      "workerId": -1,
      "startTime": 1703147969855
    },
    {
      "type": "build_line",
      "endTime": 1703147974333,
      "status": "closed",
      "children": [],
      "name": "overallTime",
      "taskName": "default@PackageHap",
      "taskPath": "entry",
      "workerId": 0,
      "startTime": 1703147973507
    },
    {
      "type": "default",
      "endTime": 1703147974333,
      "status": "closed",
      "children": [
        {
          "type": "build_line",
          "endTime": 1703147974333,
          "status": "closed",
          "children": [],
          "name": "overallTime",
          "taskName": "default@PackageHap",
          "taskPath": "entry",
          "workerId": 0,
          "startTime": 1703147973507
        }
      ],
      "name": "overallTime",
      "taskName": "default@PackageHap",
      "taskPath": "entry",
      "workerId": -1,
      "startTime": 1703147973499
    },
    {
      "type": "build_line",
      "endTime": 1703147976672,
      "status": "closed",
      "children": [],
      "name": "overallTime",
      "taskName": "default@SignHap",
      "taskPath": "entry",
      "workerId": -1,
      "startTime": 1703147974334
    },
    {
      "type": "build_line",
      "endTime": 1703147976672,
      "status": "closed",
      "children": [],
      "name": "overallTime",
      "taskName": "assembleHap",
      "taskPath": "entry",
      "workerId": -1,
      "startTime": 1703147976672
    },
    {
      "type": "build_line",
      "endTime": 1703148065586,
      "status": "closed",
      "children": [],
      "name": "overallTime",
      "taskName": "default@PreBuild",
      "taskPath": "entry",
      "workerId": -1,
      "startTime": 1703148065585
    },
    {
      "type": "build_line",
      "endTime": 1703148065589,
      "status": "closed",
      "children": [],
      "name": "overallTime",
      "taskName": "default@GenerateMetadata",
      "taskPath": "entry",
      "workerId": -1,
      "startTime": 1703148065587
    },
    {
      "type": "build_line",
      "endTime": 1703148065592,
      "status": "closed",
      "children": [],
      "name": "overallTime",
      "taskName": "default@MergeProfile",
      "taskPath": "entry",
      "workerId": -1,
      "startTime": 1703148065591
    },
    {
      "type": "build_line",
      "endTime": 1703148065594,
      "status": "closed",
      "children": [],
      "name": "overallTime",
      "taskName": "default@BuildNativeWithCmake",
      "taskPath": "entry",
      "workerId": -1,
      "startTime": 1703148065594
    },
    {
      "type": "build_line",
      "endTime": 1703148065595,
      "status": "closed",
      "children": [],
      "name": "overallTime",
      "taskName": "default@GenerateLoaderJson",
      "taskPath": "entry",
      "workerId": -1,
      "startTime": 1703148065594
    },
    {
      "type": "build_line",
      "endTime": 1703148065598,
      "status": "closed",
      "children": [],
      "name": "overallTime",
      "taskName": "default@MakePackInfo",
      "taskPath": "entry",
      "workerId": -1,
      "startTime": 1703148065595
    },
    {
      "type": "build_line",
      "endTime": 1703148065599,
      "status": "closed",
      "children": [],
      "name": "overallTime",
      "taskName": "default@ProcessProfile",
      "taskPath": "entry",
      "workerId": -1,
      "startTime": 1703148065599
    },
    {
      "type": "build_line",
      "endTime": 1703148065600,
      "status": "closed",
      "children": [],
      "name": "overallTime",
      "taskName": "default@BuildNativeWithNinja",
      "taskPath": "entry",
      "workerId": -1,
      "startTime": 1703148065600
    },
    {
      "type": "build_line",
      "endTime": 1703148065601,
      "status": "closed",
      "children": [],
      "name": "overallTime",
      "taskName": "default@ProcessResource",
      "taskPath": "entry",
      "workerId": -1,
      "startTime": 1703148065600
    },
    {
      "type": "build_line",
      "endTime": 1703148065602,
      "status": "closed",
      "children": [],
      "name": "overallTime",
      "taskName": "default@ProcessLibs",
      "taskPath": "entry",
      "workerId": -1,
      "startTime": 1703148065601
    },
    {
      "type": "build_line",
      "endTime": 1703148065612,
      "status": "closed",
      "children": [],
      "name": "overallTime",
      "taskName": "default@CompileResource",
      "taskPath": "entry",
      "workerId": -1,
      "startTime": 1703148065602
    },
    {
      "type": "build_line",
      "endTime": 1703148065621,
      "status": "closed",
      "children": [],
      "name": "overallTime",
      "taskName": "default@CompileJS",
      "taskPath": "entry",
      "workerId": -1,
      "startTime": 1703148065620
    },
    {
      "type": "build_line",
      "endTime": 1703148068627,
      "status": "closed",
      "children": [],
      "name": "overallTime",
      "taskName": "default@CompileArkTS",
      "taskPath": "entry",
      "workerId": 2,
      "startTime": 1703148065619
    },
    {
      "type": "default",
      "endTime": 1703148068627,
      "status": "closed",
      "children": [
        {
          "type": "build_line",
          "endTime": 1703148068627,
          "status": "closed",
          "children": [],
          "name": "overallTime",
          "taskName": "default@CompileArkTS",
          "taskPath": "entry",
          "workerId": 2,
          "startTime": 1703148065619
        }
      ],
      "name": "overallTime",
      "taskName": "default@CompileArkTS",
      "taskPath": "entry",
      "workerId": -1,
      "startTime": 1703148065612
    },
    {
      "type": "build_line",
      "endTime": 1703148068921,
      "status": "closed",
      "children": [],
      "name": "overallTime",
      "taskName": "default@PackageHap",
      "taskPath": "entry",
      "workerId": 0,
      "startTime": 1703148068636
    },
    {
      "type": "default",
      "endTime": 1703148068921,
      "status": "closed",
      "children": [
        {
          "type": "build_line",
          "endTime": 1703148068921,
          "status": "closed",
          "children": [],
          "name": "overallTime",
          "taskName": "default@PackageHap",
          "taskPath": "entry",
          "workerId": 0,
          "startTime": 1703148068636
        }
      ],
      "name": "overallTime",
      "taskName": "default@PackageHap",
      "taskPath": "entry",
      "workerId": -1,
      "startTime": 1703148068628
    },
    {
      "type": "build_line",
      "endTime": 1703148071170,
      "status": "closed",
      "children": [],
      "name": "overallTime",
      "taskName": "default@SignHap",
      "taskPath": "entry",
      "workerId": -1,
      "startTime": 1703148068921
    },
    {
      "type": "build_line",
      "endTime": 1703148071171,
      "status": "closed",
      "children": [],
      "name": "overallTime",
      "taskName": "assembleHap",
      "taskPath": "entry",
      "workerId": -1,
      "startTime": 1703148071171
    }
  ],
  "workLog": []
}